Codedinfraction;Datecreationevn;Datefermeture;DateDebutInfraction;Anneedinfraction;Moisdinfraction;Direction;Secteurlot;Numerodevenement;equipe;Heuredebut;montantDommage;InscriptionauMIP;Codemunicipal;Nombredepersonnesaudossier;Nombredevehiculesaudossier;Numerocivique;Province;Typederue2;Typederue;Rue;Rue2;Anneeenrg.Dossier;Moisenrg.Dossier;Dateenrg.Dossier;PDQ;Vehicule-annee;Vehiculecouleur1;Vehiculegenre;Province_1;Vehicule-style;Vehicule-compagnieassurance;Vehicule-marque;Vehicule-modele;Vehicule-description
Collisionmateriellede+de2000;01/08/2015;02/08/2015;01/08/2015;2015;8;AB12;35;LVL150801023;2;03:24:00;35;02/08/2015;65005;3;3;0;QUE;BOULEV;BOULEV;CHOMEDEY;SAINT-MARTINOUEST;2015;8;1;PDQ3;;;CAMIO;QUE;;;HIN;2014;Moyen
Collisionmateriellede+de2000;01/08/2015;02/08/2015;01/08/2015;2015;8;CE25;35;LVL150801023;2;03:24:00;35;02/08/2015;65005;3;3;0;QUE;BOULEV;BOULEV;CHOMEDEY;SAINT-MARTINOUEST;2015;8;1;PDQ3;2008;;REMO;QUE;;;CARG;CE82;Moyen
Collisionmateriellede+de2000;01/08/2015;02/08/2015;01/08/2015;2015;8;DH37;35;LVL150801023;2;03:24:00;35;02/08/2015;65005;3;3;0;QUE;BOULEV;BOULEV;CHOMEDEY;SAINT-MARTINOUEST;2015;8;1;PDQ3;2013;;AUTO;QUE;;;TOYO;CORO;Moyen
Collisionavecblesse;30/07/2015;31/07/2015;30/07/2015;2015;7;AB13;28;LVL150730051;3;;28;31/07/2015;65005;2;2;2220;QUE;;RUE;VALLIERES;;2015;7;30;PDQ2;2000;;AUTO;QUE;;;HYUN;;Moyen
Collisionavecblesse;30/07/2015;31/07/2015;30/07/2015;2015;7;CE26;28;LVL150730051;3;;28;31/07/2015;65005;2;2;2220;QUE;;RUE;VALLIERES;;2015;7;30;PDQ2;2007;;AUTO;QUE;;;TOYO;;Moyen
Collisionavecblesse;30/07/2015;31/07/2015;30/07/2015;2015;7;DH38;61;LVL150730060;4;15:48:00;61;31/07/2015;65005;2;2;1983;QUE;;BOULEV;DESLAURENTIDES;;2015;7;30;PDQ6;2014;;AUTO;QUE;;;TOYO;YARI;Moyen
Collisionavecblesse;30/07/2015;31/07/2015;30/07/2015;2015;7;AB14;31;LVL150730030;3;;31;31/07/2015;65005;3;2;1300;QUE;;BOULEV;DELACONCORDEOUEST;;2015;7;30;PDQ2;2005;;AUTO;QUE;;;NISS;;Moyen
Collisionavecblesse;30/07/2015;31/07/2015;30/07/2015;2015;7;CE27;61;LVL150730060;4;15:48:00;61;31/07/2015;65005;2;2;1983;QUE;;BOULEV;DESLAURENTIDES;;2015;7;30;PDQ6;2002;;MOTO;QUE;;;HOND;CB90;Moyen
Collisionavecblesse;30/07/2015;31/07/2015;30/07/2015;2015;7;DH39;31;LVL150730030;3;;31;31/07/2015;65005;3;2;1300;QUE;;BOULEV;DELACONCORDEOUEST;;2015;7;30;PDQ2;1997;;AUTO;QUE;;;MAZD;;Moyen
DelitdefuiteCSR;28/07/2015;30/07/2015;28/07/2015;2015;7;AB15;61;LVL150728038;1;11:30:00;61;30/07/2015;65005;2;1;0;QUE;VOIE;BOULEV;DESLAURENTIDES;LAVALOUESTA-440;2015;7;28;PDQ6;;;;;;;;;
Collisionmateriellede2000et-;28/07/2015;29/07/2015;28/07/2015;2015;7;CE28;52;LVL150728002;5;20:45:00;52;29/07/2015;65005;3;2;0;QUE;BOULEV;VOIE;LAVALOUESTA-440;CHOMEDEY;2015;7;28;PDQ5;2004;;AUTO;QUE;;;MAZD;;Moyen
Collisionavecblesse;28/07/2015;31/07/2015;28/07/2015;2015;7;DH40;59;LVL150728019;1;10:47:00;59;31/07/2015;65005;3;1;0;QUE;RUE;BOULEV;SAINTE-ROSE;MATTAWA;2015;7;28;PDQ5;2009;;CAMIO;QUE;;;FORD;;Moyen
Collisionmateriellede2000et-;28/07/2015;29/07/2015;28/07/2015;2015;7;AB16;52;LVL150728002;5;20:45:00;52;29/07/2015;65005;3;2;0;QUE;BOULEV;VOIE;LAVALOUESTA-440;CHOMEDEY;2015;7;28;PDQ5;2008;;CAMIO;QUE;;;EONE;;Moyen
Collisionavecblesse;27/07/2015;28/07/2015;27/07/2015;2015;7;CE29;28;LVL150727097;2;23:22:00;28;30/07/2015;65005;2;2;0;QUE;AUTORO;BOULEV;DESLAURENTIDES;LAVALESTA-440;2015;7;27;PDQ2;2006;;AUTO;QUE;;;BMW;;Moyen
Collisionavecblesse;27/07/2015;28/07/2015;27/07/2015;2015;7;DH41;28;LVL150727097;2;23:22:00;28;30/07/2015;65005;2;2;0;QUE;AUTORO;BOULEV;DESLAURENTIDES;LAVALESTA-440;2015;7;27;PDQ2;2014;;AUTO;QUE;;;KIA;;Moyen
Collisionavecblesse;27/07/2015;29/07/2015;27/07/2015;2015;7;AB17;14;LVL150727075;;17:30:00;14;29/07/2015;65005;2;2;0;QUE;RUE;BOULEV;DESMILLE-ILES;BISSON;2015;7;27;PDQ1;2003;;MOTO;QUE;;LaCapitale;yama;;Moyen
Collisionmortelle;27/07/2015;;27/07/2015;2015;7;CE30;25;LVL150727089;2;19:41:00;25;30/07/2015;65005;7;2;0;QUE;VIADUC;BOULEV;SAINT-MARTINEST;PAPINEAUA-19;2015;7;27;PDQ2;2001;BLA;AUTO;QUE;4PORT;;HOND;CIVI;Moyen
Collisionmortelle;27/07/2015;;27/07/2015;2015;7;DH42;25;LVL150727089;2;19:41:00;25;30/07/2015;65005;7;2;0;QUE;VIADUC;BOULEV;SAINT-MARTINEST;PAPINEAUA-19;2015;7;27;PDQ2;2002;ROU;AUTO;QUE;4PORT;;TOYO;ECHO;Moyen
Collisionavecblesse;27/07/2015;29/07/2015;27/07/2015;2015;7;AB18;14;LVL150727075;;17:30:00;14;29/07/2015;65005;2;2;0;QUE;RUE;BOULEV;DESMILLE-ILES;BISSON;2015;7;27;PDQ1;2012;;MOTO;QUE;;LaCapitale;harl;;Moyen
Collisionmateriellede2000et-;26/07/2015;27/07/2015;26/07/2015;2015;7;CE31;42;LVL150726014;5;03:33:00;42;27/07/2015;65005;2;1;0;QUE;MONTEE;AVENUE;DESBOIS;CHAMPAGNE;2015;7;26;PDQ4;1995;;CAMIO;QUE;;;INTE;;Moyen
Collisionavecblesse;26/07/2015;29/07/2015;26/07/2015;2015;7;DH43;23;LVL150726042;3;18:15:00;23;29/07/2015;65005;3;1;0;QUE;BOULEV;AVENUE;12E;DELACONCORDEOUEST;2015;7;26;PDQ2;2013;;AUTO;QUE;;;HYUN;;Moyen
DelitdefuiteCSR;26/07/2015;31/07/2015;26/07/2015;2015;7;AB19;32;LVL150726018;5;;32;31/07/2015;65005;1;1;0;QUE;BOULEV;AVENUE;67E;CARTIEROUEST;2015;7;26;PDQ3;;;;;;;;;
Collisionavecblesse;26/07/2015;29/07/2015;26/07/2015;2015;7;CE32;27;LVL150726010;5;01:55:00;27;29/07/2015;65005;1;1;0;QUE;AUTORO;BOULEV;PIE-IX;LAVALESTA-440;2015;7;26;PDQ1;2005;;AUTO;QUE;;;HYUN;;Moyen
Collisionavecblesse;26/07/2015;29/07/2015;26/07/2015;2015;7;DH44;55;LVL150726040;3;16:27:00;55;29/07/2015;65005;2;1;0;QUE;RUE;BOULEV;DESOISEAUX;DUROUGE-GORGE;2015;7;26;PDQ5;2009;;AUTO;QUE;;;HYUN;;Moyen
Collisionavecblesse;25/07/2015;26/07/2015;25/07/2015;2015;7;AB20;62;LVL150725049;1;14:51:00;62;27/07/2015;65005;1;1;1895;QUE;;BOULEV;RENE-LAENNEC;;2015;7;25;PDQ6;2002;;AUTO;QUE;;;CHEV;CAVA;Moyen
Collisionmateriellede+de2000;25/07/2015;30/07/2015;25/07/2015;2015;7;CE33;33;LVL150725036;;11:45:00;33;30/07/2015;65005;5;3;0;QUE;AVENUE;BOULEV;LEVESQUEOUEST;DENONVILLE;2015;7;25;PDQ3;2006;;AUTO;QUE;;;PORS;;Moyen
Collisionmateriellede+de2000;25/07/2015;30/07/2015;25/07/2015;2015;7;DH45;33;LVL150725036;;11:45:00;33;30/07/2015;65005;5;3;0;QUE;AVENUE;BOULEV;LEVESQUEOUEST;DENONVILLE;2015;7;25;PDQ3;2009;;AUTO;QUE;;;mazd;;Moyen
DelitdefuiteCSR;25/07/2015;30/07/2015;24/07/2015;2015;7;AB21;41;LVL150725029;;21:00:00;41;30/07/2015;65005;2;1;648;QUE;;RUE;RABIS;;2015;7;25;PDQ4;;;;;;;;;
Collisionmateriellede+de2000;25/07/2015;30/07/2015;25/07/2015;2015;7;CE34;33;LVL150725036;;11:45:00;33;30/07/2015;65005;5;3;0;QUE;AVENUE;BOULEV;LEVESQUEOUEST;DENONVILLE;2015;7;25;PDQ3;2006;;AUTO;QUE;;;pont;;Moyen
Collisionavecblesse;25/07/2015;26/07/2015;25/07/2015;2015;7;DH46;37;LVL150725024;1;07:39:00;37;26/07/2015;65005;2;1;0;QUE;BOULEV;BOULEV;SAINT-MARTINOUEST;TESSIER;2015;7;25;PDQ3;2007;;AUTO;QUE;;;HYUN;;Moyen
Collisionmateriellede+de2000;25/07/2015;25/07/2015;25/07/2015;2015;7;AB22;21;LVL150725030;1;09:58:00;21;25/07/2015;65005;2;2;230;QUE;;BOULEV;DESLAURENTIDES;;2015;7;25;PDQ2;2002;;AUTO;QUE;;INTACTASSURANCE;HOND;CIVI;Moyen
Collisionmateriellede+de2000;25/07/2015;25/07/2015;25/07/2015;2015;7;CE35;21;LVL150725030;1;09:58:00;21;25/07/2015;65005;2;2;230;QUE;;BOULEV;DESLAURENTIDES;;2015;7;25;PDQ2;2003;;AUTO;QUE;;;PONT;SUNF;Moyen
Collisionmateriellede+de2000;24/07/2015;27/07/2015;24/07/2015;2015;7;DH47;41;LVL150724098;3;21:41:00;41;27/07/2015;65005;3;2;973;QUE;;RUE;DONAT-BELISLE;;2015;7;24;PDQ4;2014;;MOTO;QUE;;;KTM;ADVE;Moyen
Collisionmateriellede+de2000;24/07/2015;25/07/2015;24/07/2015;2015;7;AB23;22;LVL150724102;3;22:46:00;22;25/07/2015;65005;2;2;389;QUE;;RUE;DEBERRI;;2015;7;24;PDQ2;2009;;AUTO;QUE;;DESJARDINS;MAZD;;Moyen
Collisionmateriellede+de2000;24/07/2015;25/07/2015;24/07/2015;2015;7;CE36;22;LVL150724102;3;22:46:00;22;25/07/2015;65005;2;2;389;QUE;;RUE;DEBERRI;;2015;7;24;PDQ2;2012;;REMO;QUE;;;ARTI;;Moyen
Collisionavecblesse;24/07/2015;26/07/2015;24/07/2015;2015;7;DH48;12;LVL150724053;2;11:52:00;12;26/07/2015;65005;3;1;0;QUE;RUE;RUE;CHARTRAND;LEA;2015;7;24;PDQ1;2013;;CAMIO;QUE;;;JEEP;;Moyen
Collisionavecblesse;24/07/2015;25/07/2015;24/07/2015;2015;7;AB24;35;LVL150724096;3;20:49:00;35;25/07/2015;65005;5;2;0;QUE;AVENUE;BOULEV;SAINT-MARTINOUEST;DIENA;2015;7;24;PDQ3;2014;;AUTO;QUE;;INTACTASSURANCE;DODG;;Moyen
Collisionavecblesse;24/07/2015;25/07/2015;24/07/2015;2015;7;CE37;35;LVL150724096;3;20:49:00;35;25/07/2015;65005;5;2;0;QUE;AVENUE;BOULEV;SAINT-MARTINOUEST;DIENA;2015;7;24;PDQ3;2008;;AUTO;QUE;;BELAIRDIRECT;AUDI;;Moyen
Collisionavecblesse;24/07/2015;26/07/2015;24/07/2015;2015;7;DH49;29;LVL150724012;5;04:50:00;29;28/07/2015;65005;4;2;3900;QUE;;VOIE;LAVALESTA-440;;2015;7;24;PDQ2;2015;;AUTRE;QUE;;;JOHN;DEE;Moyen
Collisionavecblesse;24/07/2015;26/07/2015;24/07/2015;2015;7;AB25;29;LVL150724012;5;04:50:00;29;28/07/2015;65005;4;2;3900;QUE;;VOIE;LAVALESTA-440;;2015;7;24;PDQ2;2015;;AUTO;QUE;;;VOLK;JETT;Moyen
Collisionmateriellede+de2000;24/07/2015;27/07/2015;24/07/2015;2015;7;CE38;41;LVL150724098;3;21:41:00;41;27/07/2015;65005;3;2;973;QUE;;RUE;DONAT-BELISLE;;2015;7;24;PDQ4;2007;;AUTO;QUE;;;MAZD;;Moyen
Collisionavecblesse;24/07/2015;25/07/2015;24/07/2015;2015;7;DH50;41;LVL150724082;3;16:57:00;41;25/07/2015;65005;3;1;0;QUE;RUE;BOULEV;NOTRE-DAME;TOUSSAINT;2015;7;24;PDQ4;2011;;AUTO;QUE;;SSQASSURANCES;LINC;;Moyen
Collisionavecblesse;23/07/2015;26/07/2015;23/07/2015;2015;7;AB26;47;LVL150723050;2;14:30:00;47;26/07/2015;65005;4;1;0;QUE;AVENUE;BOULEV;SAINTE-ROSE;40E;2015;7;23;PDQ4;2005;;AUTO;QUE;;;KIA;;Moyen
Collisionavecblesse;23/07/2015;28/07/2015;23/07/2015;2015;7;CE39;15;LVL150723067;3;17:30:00;15;30/07/2015;65005;3;2;6310;QUE;;BOULEV;DESMILLE-ILES;;2015;7;23;PDQ1;2015;;AUTO;QUE;;MELOCHEMONEX;volk;jett;Moyen
Collisionavecblesse;23/07/2015;28/07/2015;23/07/2015;2015;7;DH51;15;LVL150723067;3;17:30:00;15;30/07/2015;65005;3;2;6310;QUE;;BOULEV;DESMILLE-ILES;;2015;7;23;PDQ1;1997;;AUTO;QUE;;;PONT;SUNF;Moyen
DelitdefuiteCSR;23/07/2015;30/07/2015;22/07/2015;2015;7;AB27;41;LVL150723024;;18:00:00;41;30/07/2015;65005;1;1;805;QUE;;RUE;LAUZON;;2015;7;23;PDQ4;;;;;;;;;
Collisionmateriellede2000et-;22/07/2015;22/07/2015;22/07/2015;2015;7;CE40;12;LVL150722019;4;08:15:00;12;22/07/2015;65005;2;1;8250;QUE;;RUE;PHEDRE;;2015;7;22;PDQ1;2012;;CAMIO;QUE;;INTACT;kenw;;Grand
Collisionavecblesse;22/07/2015;23/07/2015;22/07/2015;2015;7;DH52;36;LVL150722065;1;20:20:00;36;23/07/2015;65005;1;1;1081;QUE;;RUE;MACDONALD;;2015;7;22;PDQ3;2001;;MOTO;QUE;;;SUZU;;Moyen
DelitdefuiteCSR;22/07/2015;23/07/2015;22/07/2015;2015;7;AB28;38;LVL150722003;4;;38;31/07/2015;65005;1;1;2800;QUE;;AVENUE;DUCOSMODOME;;2015;7;22;PDQ3;;;;;;;;;
Collisionavecblesse;21/07/2015;23/07/2015;21/07/2015;2015;7;CE41;51;LVL150721069;1;18:30:00;51;24/07/2015;65005;3;2;0;QUE;BOULEV;MONTEE;SAINT-AUBIN;SAINT-ELZEAROUEST;2015;7;21;PDQ3;2010;;AUTO;QUE;;;NISS;;Moyen
Collisionmateriellede2000et-;21/07/2015;24/07/2015;21/07/2015;2015;7;DH53;33;LVL150721017;5;08:48:00;33;24/07/2015;65005;4;2;0;QUE;RUE;BOULEV;SAMSON;2E;2015;7;21;PDQ3;2007;;AUTO;QUE;;;HOND;;Moyen
Collisionmateriellede2000et-;21/07/2015;24/07/2015;21/07/2015;2015;7;AB29;33;LVL150721017;5;08:48:00;33;24/07/2015;65005;4;2;0;QUE;RUE;BOULEV;SAMSON;2E;2015;7;21;PDQ3;2012;;CAMIO;QUE;;;MACK;;Moyen
Collisionavecblesse;21/07/2015;22/07/2015;21/07/2015;2015;7;CE42;33;LVL150721060;1;15:45:00;33;22/07/2015;65005;2;1;0;QUE;BOULEV;PROMEN;DESILES;LEVESQUEOUEST;2015;7;21;PDQ3;2009;;AUTO;QUE;;INTACTASSURANCE;TOYO;;Moyen
Collisionavecblesse;21/07/2015;23/07/2015;21/07/2015;2015;7;DH54;51;LVL150721069;1;18:30:00;51;24/07/2015;65005;3;2;0;QUE;BOULEV;MONTEE;SAINT-AUBIN;SAINT-ELZEAROUEST;2015;7;21;PDQ3;2014;;AUTO;QUE;;;CHEV;CRUZ;Moyen
Collisionmateriellede+de2000;21/07/2015;;21/07/2015;2015;7;AB30;52;LVL150721002;4;00:20:00;52;23/07/2015;65005;4;2;0;QUE;BOULEV;BOULEV;CURE-LABELLE;GABRIEL;2015;7;21;PDQ5;2013;;AUTO;QUE;;;CHRY;300;Moyen
Collisionmateriellede+de2000;21/07/2015;;21/07/2015;2015;7;CE43;52;LVL150721002;4;00:20:00;52;23/07/2015;65005;4;2;0;QUE;BOULEV;BOULEV;CURE-LABELLE;GABRIEL;2015;7;21;PDQ5;2003;;AUTO;QUE;;;HYUN;TIBU;Moyen
Collisionmateriellede+de2000;21/07/2015;22/07/2015;21/07/2015;2015;7;DH55;37;LVL150721018;5;09:00:00;37;22/07/2015;65005;3;1;0;QUE;BOULEV;AUTORO;LAVALOUESTA-440;INDUSTRIEL;2015;7;21;PDQ3;2010;;AUTO;QUE;;ATTESTATIONSOLVABILITE;FORD;CROW;Moyen
Collisionavecblesse;21/07/2015;24/07/2015;21/07/2015;2015;7;AB31;64;LVL150721035;5;11:50:00;64;24/07/2015;65005;3;2;5220;QUE;;BOULEV;DESLAURENTIDES;;2015;7;21;PDQ6;2001;;AUTO;QUE;;;TOYO;;Moyen
Collisionavecblesse;21/07/2015;24/07/2015;21/07/2015;2015;7;CE44;64;LVL150721035;5;11:50:00;64;24/07/2015;65005;3;2;5220;QUE;;BOULEV;DESLAURENTIDES;;2015;7;21;PDQ6;2004;;MOTO;QUE;;;YAMA;;Moyen
Collisionmateriellede2000et-;20/07/2015;28/07/2015;05/07/2015;2015;7;DH56;21;LVL150720007;5;23:40:00;21;28/07/2015;65005;3;1;0;QUE;BOULEV;BOULEV;CARTIEROUEST;DESLAURENTIDES;2015;7;20;PDQ2;2011;BLA;AUTO;QUE;;ATTESTATIONSOLVABILITE;FORD;;Moyen
Collisionavecblesse;20/07/2015;24/07/2015;20/07/2015;2015;7;AB32;34;LVL150720011;5;07:42:00;34;24/07/2015;65005;2;2;0;QUE;BOULEV;BOULEV;LECORBUSIER;SAINT-MARTINOUEST;2015;7;20;PDQ2;2014;;AUTO;QUE;;;TOYO;;Moyen
Collisionavecblesse;20/07/2015;24/07/2015;20/07/2015;2015;7;CE45;34;LVL150720011;5;07:42:00;34;24/07/2015;65005;2;2;0;QUE;BOULEV;BOULEV;LECORBUSIER;SAINT-MARTINOUEST;2015;7;20;PDQ2;2007;;AUTO;QUE;;;FORD;;Moyen
Collisionavecblesse;19/07/2015;;19/07/2015;2015;7;DH57;24;LVL150719062;5;22:39:00;24;31/07/2015;65005;3;3;0;QUE;BOULEV;BOULEV;SAINT-MARTINEST;DESLAURENTIDES;2015;7;19;PDQ2;2006;BLU;AUTO;QUE;;;DODG;MAGN;Moyen
DelitdefuiteCSR;19/07/2015;20/07/2015;19/07/2015;2015;7;AB33;48;LVL150719049;2;17:17:00;48;20/07/2015;65005;1;1;0;QUE;RUE;RANG;SAINT-ANTOINE;PRINCIPALE;2015;7;19;PDQ4;;;;;;;;;
Collisionmateriellede2000et-;19/07/2015;23/07/2015;19/07/2015;2015;7;CE27;67;LVL150719061;2;22:06:00;67;23/07/2015;65005;3;1;0;QUE;RUE;AVENUE;DESPERRON;SAINT-SAENSEST;2015;7;19;PDQ6;2014;;AUTO;QUE;;;HYUN;;Moyen
Collisionmateriellede+de2000;19/07/2015;30/07/2015;19/07/2015;2015;7;DH39;41;LVL150719035;;15:10:00;41;30/07/2015;65005;5;3;0;QUE;AUTORO;BOULEV;SAMSON;CHOMEDEYA-13;2015;7;19;PDQ4;2014;;AUTO;QUE;;;bmw;;Moyen
Collisionmateriellede+de2000;19/07/2015;30/07/2015;19/07/2015;2015;7;AB15;41;LVL150719035;;15:10:00;41;30/07/2015;65005;5;3;0;QUE;AUTORO;BOULEV;SAMSON;CHOMEDEYA-13;2015;7;19;PDQ4;2013;;AUTO;QUE;;;chev;;Moyen
Collisionmateriellede+de2000;19/07/2015;30/07/2015;19/07/2015;2015;7;CE28;41;LVL150719035;;15:10:00;41;30/07/2015;65005;5;3;0;QUE;AUTORO;BOULEV;SAMSON;CHOMEDEYA-13;2015;7;19;PDQ4;2006;;AUTO;QUE;;;mazd;;Moyen
Collisionmateriellede+de2000;19/07/2015;23/07/2015;19/07/2015;2015;7;DH40;32;LVL150719058;2;20:44:00;32;24/07/2015;65005;3;2;0;QUE;AVENUE;BOULEV;CURE-LABELLE;80E;2015;7;19;PDQ3;2015;;AUTO;QUE;;;MERC;;Moyen
Collisionmateriellede+de2000;19/07/2015;23/07/2015;19/07/2015;2015;7;AB16;32;LVL150719058;2;20:44:00;32;24/07/2015;65005;3;2;0;QUE;AVENUE;BOULEV;CURE-LABELLE;80E;2015;7;19;PDQ3;2004;;AUTO;QUE;;;VOLV;;Moyen
Collisionmateriellede+de2000;19/07/2015;20/07/2015;19/07/2015;2015;7;CE29;52;LVL150719023;5;10:48:00;52;31/07/2015;65005;2;1;0;QUE;BOULEV;VOIE;DESLAURENTIDESA-15;DAGENAISOUEST;2015;7;19;PDQ5;2010;;AUTO;QUE;;LUNIQUEASSURANCE;HYUN;;Moyen
Collisionavecblesse;19/07/2015;;19/07/2015;2015;7;DH41;24;LVL150719062;5;22:39:00;24;31/07/2015;65005;3;3;0;QUE;BOULEV;BOULEV;SAINT-MARTINEST;DESLAURENTIDES;2015;7;19;PDQ2;2013;BLA;AUTO;QUE;;;VOLK;GOLF;Moyen
Collisionavecblesse;19/07/2015;;19/07/2015;2015;7;AB17;24;LVL150719062;5;22:39:00;24;31/07/2015;65005;3;3;0;QUE;BOULEV;BOULEV;SAINT-MARTINEST;DESLAURENTIDES;2015;7;19;PDQ2;2005;;AUTO;QUE;;;CHEV;OPTR;Moyen
Collisionavecblesse;19/07/2015;20/07/2015;19/07/2015;2015;7;CE30;56;LVL150719033;5;15:09:00;56;30/07/2015;65005;2;1;0;QUE;BOULEV;BOULEV;CURE-LABELLE;DELARENAISSANCE;2015;7;19;PDQ5;2009;;AUTO;QUE;;INTACTASSURANCE;NISS;SENT;Moyen
Collisionavecblesse;18/07/2015;18/07/2015;18/07/2015;2015;7;DH42;24;LVL150718017;5;07:50:00;24;18/07/2015;65005;3;2;421;QUE;;BOULEV;GOINEAU;;2015;7;18;PDQ2;2012;;MOTO;QUE;;BELAIRDIRECT;YAMA;;Moyen
DelitdefuiteCSR;18/07/2015;18/07/2015;18/07/2015;2015;7;AB18;21;LVL150718010;4;;21;18/07/2015;65005;2;1;0;QUE;BOULEV;BOULEV;CARTIEREST;DESLAURENTIDES;2015;7;18;PDQ2;;;;;;;;;
Collisionavecblesse;18/07/2015;18/07/2015;18/07/2015;2015;7;CE31;24;LVL150718017;5;07:50:00;24;18/07/2015;65005;3;2;421;QUE;;BOULEV;GOINEAU;;2015;7;18;PDQ2;2004;;AUTO;QUE;;DESJARDINS;CHRY;;Moyen
Collisionavecblesse;18/07/2015;19/07/2015;18/07/2015;2015;7;DH43;35;LVL150718056;2;17:39:00;35;19/07/2015;65005;1;1;965;QUE;;BOULEV;CURE-LABELLE;;2015;7;18;PDQ3;2004;;MOTO;QUE;;DESJARDINS;SUZU;;Moyen
Collisionavecblesse;17/07/2015;19/07/2015;17/07/2015;2015;7;AB19;38;LVL150717063;2;16:39:00;38;19/07/2015;65005;4;3;2160;QUE;;AVENUE;TERRY-FOX;;2015;7;17;PDQ3;2015;;AUTO;QUE;;INTACTASSURANCE;NISS;ROGU;Moyen
Collisionavecblesse;17/07/2015;19/07/2015;17/07/2015;2015;7;CE32;38;LVL150717063;2;16:39:00;38;19/07/2015;65005;4;3;2160;QUE;;AVENUE;TERRY-FOX;;2015;7;17;PDQ3;2014;;AUTO;QUE;;ECONOMICALMUTUALGAUDREAU;MERZ;SPRI;Moyen
Collisionavecblesse;17/07/2015;22/07/2015;17/07/2015;2015;7;DH44;26;LVL150717008;4;01:41:00;26;24/07/2015;65005;3;2;3990;QUE;;AUTORO;LAVALESTA-440;;2015;7;17;PDQ2;;;AUTO;QUE;;WAWANESSA;BMW;2014;Moyen
Collisionavecblesse;17/07/2015;22/07/2015;17/07/2015;2015;7;AB20;26;LVL150717008;4;01:41:00;26;24/07/2015;65005;3;2;3990;QUE;;AUTORO;LAVALESTA-440;;2015;7;17;PDQ2;2012;;AUTO;QUE;;INTACTASSURANCE;MITS;;Moyen
Collisionavecblesse;17/07/2015;18/07/2015;17/07/2015;2015;7;CE52;27;LVL150717005;4;;27;18/07/2015;65005;3;2;0;QUE;AVENUE;RUE;SAINT-JOSEPH;SUZANNE;2015;7;17;PDQ1;2007;;AUTO;QUE;;;NISS;;Moyen
Collisionavecblesse;17/07/2015;18/07/2015;17/07/2015;2015;7;DH64;27;LVL150717005;4;;27;18/07/2015;65005;3;2;0;QUE;AVENUE;RUE;SAINT-JOSEPH;SUZANNE;2015;7;17;PDQ1;2008;;AUTO;QUE;;;DODG;;Moyen
Collisionmateriellede2000et-;17/07/2015;21/07/2015;17/07/2015;2015;7;AB40;12;LVL150717087;;;12;21/07/2015;65005;1;1;8008;QUE;;AVENUE;MARCEL-VILLENEUVE;;2015;7;17;PDQ1;2011;;AUTO;QUE;;INTACT;volk;;Moyen
DelitdefuiteCSR;17/07/2015;19/07/2015;17/07/2015;2015;7;CE53;67;LVL150717097;2;;67;19/07/2015;65005;1;1;1355;QUE;;AVENUE;DESPERRON;;2015;7;17;PDQ6;;;;;;;;;
Collisionavecblesse;17/07/2015;19/07/2015;17/07/2015;2015;7;DH65;38;LVL150717063;2;16:39:00;38;19/07/2015;65005;4;3;2160;QUE;;AVENUE;TERRY-FOX;;2015;7;17;PDQ3;2015;;AUTO;QUE;;DESJARDINS;LEXU;6530;Moyen
Collisionavecblesse;16/07/2015;18/07/2015;16/07/2015;2015;7;AB41;34;LVL150716030;1;12:18:00;34;18/07/2015;65005;4;2;1625;QUE;;BOULEV;LECORBUSIER;;2015;7;16;PDQ2;2009;;AUTO;QUE;;AVIVA;KIA;;Moyen
Collisionavecblesse;16/07/2015;18/07/2015;16/07/2015;2015;7;CE54;34;LVL150716030;1;12:18:00;34;18/07/2015;65005;4;2;1625;QUE;;BOULEV;LECORBUSIER;;2015;7;16;PDQ2;2013;;AUTO;QUE;;SSQASSURANCES;FORD;;Moyen
Collisionavecblesse;16/07/2015;18/07/2015;16/07/2015;2015;7;DH66;31;LVL150716022;1;11:00:00;31;22/07/2015;65005;4;1;0;QUE;AVENUE;BOULEV;DESPRAIRIES;LABRIE;2015;7;16;PDQ2;2007;;AUTO;QUE;;ECONOMICALINSURANCE;FORD;;Moyen
Collisionavecblesse;16/07/2015;18/07/2015;16/07/2015;2015;7;AB42;37;LVL150716043;1;14:15:00;37;18/07/2015;65005;3;2;0;QUE;BOULEV;BOULEV;INDUSTRIEL;SAINT-MARTINOUEST;2015;7;16;PDQ3;2007;;AUTO;QUE;;LACAPITALE;CHEV;;Moyen
Collisionavecblesse;16/07/2015;18/07/2015;16/07/2015;2015;7;CE55;37;LVL150716043;1;14:15:00;37;18/07/2015;65005;3;2;0;QUE;BOULEV;BOULEV;INDUSTRIEL;SAINT-MARTINOUEST;2015;7;16;PDQ3;2009;;AUTO;QUE;;AVIVA;FORD;ESCA;Moyen
Collisionavecblesse;16/07/2015;19/07/2015;16/07/2015;2015;7;DH67;58;LVL150716065;2;19:03:00;58;21/07/2015;65005;3;2;0;QUE;RUE;BOULEV;DAGENAISOUEST;FLEURY;2015;7;16;PDQ5;2002;;AUTO;QUE;;INTACTASSURANCE;TOYO;;Moyen
Collisionavecblesse;16/07/2015;19/07/2015;16/07/2015;2015;7;AB43;58;LVL150716065;2;19:03:00;58;21/07/2015;65005;3;2;0;QUE;RUE;BOULEV;DAGENAISOUEST;FLEURY;2015;7;16;PDQ5;2003;;AUTO;QUE;;LUNIQUEASSURANCE;HYUN;;Moyen
Collisionmateriellede+de2000;16/07/2015;31/07/2015;16/07/2015;2015;7;CE56;32;LVL150716062;;17:27:00;32;31/07/2015;65005;5;2;0;QUE;AVENUE;BOULEV;LEVESQUEOUEST;80E;2015;7;16;PDQ3;2010;;AUTO;QUE;;Securitenationale;toyo;;Moyen
Collisionmateriellede+de2000;16/07/2015;31/07/2015;16/07/2015;2015;7;DH68;32;LVL150716062;;17:27:00;32;31/07/2015;65005;5;2;0;QUE;AVENUE;BOULEV;LEVESQUEOUEST;80E;2015;7;16;PDQ3;2012;;AUTO;QUE;;Desjardins;audi;;Moyen
Collisionmateriellede+de2000;16/07/2015;17/07/2015;16/07/2015;2015;7;AB44;52;LVL150716031;;12:10:00;52;17/07/2015;65005;4;2;410;QUE;;BOULEV;CURE-LABELLE;;2015;7;16;PDQ5;2005;;AUTO;QUE;;;CHRY;PTCR;Moyen
Collisionmateriellede+de2000;16/07/2015;17/07/2015;16/07/2015;2015;7;CE57;52;LVL150716031;;12:10:00;52;17/07/2015;65005;4;2;410;QUE;;BOULEV;CURE-LABELLE;;2015;7;16;PDQ5;2010;;AUTO;QUE;;;toyo;yari;Moyen
Collisionmateriellede2000et-;16/07/2015;30/07/2015;16/07/2015;2015;7;DH69;35;LVL150716052;1;16:00:00;35;30/07/2015;65005;2;2;0;QUE;BOULEV;RUE;DESCHATEAUX;DANIEL-JOHNSON;2015;7;16;PDQ3;2005;;AUTO;QUE;;;hond;;Moyen
Collisionmateriellede2000et-;16/07/2015;30/07/2015;16/07/2015;2015;7;AB45;35;LVL150716052;1;16:00:00;35;30/07/2015;65005;2;2;0;QUE;BOULEV;RUE;DESCHATEAUX;DANIEL-JOHNSON;2015;7;16;PDQ3;2010;;AUTO;QUE;;;chry;;Moyen
Collisionmateriellede2000et-;16/07/2015;21/07/2015;16/07/2015;2015;7;CE58;12;LVL150716063;;;12;21/07/2015;65005;2;2;600;QUE;;MONTEE;DUMOULIN;;2015;7;16;PDQ1;2001;;AUTO;QUE;;Promutuel;niss;;Moyen
Collisionmateriellede2000et-;16/07/2015;21/07/2015;16/07/2015;2015;7;DH70;12;LVL150716063;;;12;21/07/2015;65005;2;2;600;QUE;;MONTEE;DUMOULIN;;2015;7;16;PDQ1;2005;;AUTO;QUE;;INDUSTRIELLEALLIANCE;HOND;;Moyen
DelitdefuiteCSR;16/07/2015;19/07/2015;16/07/2015;2015;7;AB46;67;LVL150716078;2;22:27:00;67;19/07/2015;65005;4;1;0;QUE;RUE;AUTORO;PAPINEAUA-19;SAINT-SAENSEST;2015;7;16;PDQ6;;;;;;;;;
DelitdefuiteCSR;16/07/2015;31/07/2015;16/07/2015;2015;7;CE59;36;LVL150716019;2;09:00:00;36;31/07/2015;65005;1;1;4375;QUE;;BOULEV;NOTRE-DAME;;2015;7;16;PDQ3;;;;;;;;;
DelitdefuiteCSR;16/07/2015;31/07/2015;15/07/2015;2015;7;DH71;21;LVL150716032;;11:30:00;21;31/07/2015;65005;1;1;279;QUE;;BOULEV;CARTIEROUEST;;2015;7;16;PDQ2;;;;;;;;;
Collisionavecblesse;15/07/2015;;15/07/2015;2015;7;AB47;67;LVL150715044;1;14:29:00;67;31/07/2015;65005;5;2;90;QUE;;RUE;SELLIER;;2015;7;15;PDQ6;2005;;AUTO;QUE;;LaPersonnelle;HOND;CIVI;Moyen
Collisionavecblesse;15/07/2015;;15/07/2015;2015;7;CE27;67;LVL150715044;1;14:29:00;67;31/07/2015;65005;5;2;90;QUE;;RUE;SELLIER;;2015;7;15;PDQ6;1989;;CAMIO;QUE;;;GMC;JIMM;Moyen
Collisionavecblesse;15/07/2015;16/07/2015;15/07/2015;2015;7;DH39;24;LVL150715007;3;03:15:00;24;24/07/2015;65005;2;2;437;QUE;;RUE;NOTRE-DAME-DE-FATIMA;;2015;7;15;PDQ2;2014;;AUTO;QUE;;;HYUN;;Moyen
Collisionavecblesse;15/07/2015;16/07/2015;15/07/2015;2015;7;AB15;24;LVL150715007;3;03:15:00;24;24/07/2015;65005;2;2;437;QUE;;RUE;NOTRE-DAME-DE-FATIMA;;2015;7;15;PDQ2;2004;;AUTO;QUE;;;HYUN;;Moyen
Collisionavecblesse;15/07/2015;31/07/2015;15/07/2015;2015;7;CE28;36;LVL150715034;5;11:35:00;36;31/07/2015;65005;2;2;1168;QUE;;BOULEV;CURE-LABELLE;;2015;7;15;PDQ3;2007;;AUTO;QUE;;AVIVA;TOYO;;Moyen
Collisionavecblesse;15/07/2015;18/07/2015;15/07/2015;2015;7;DH40;37;LVL150715057;5;17:10:00;37;18/07/2015;65005;4;2;0;QUE;BOULEV;RUE;CUNARD;LECORBUSIER;2015;7;15;PDQ3;2013;;AUTO;QUE;;ZURICHINSURANCECOMPANY;FORD;;Moyen
DelitdefuiteCSR;15/07/2015;31/07/2015;14/07/2015;2015;7;AB16;24;LVL150715056;;10:30:00;24;31/07/2015;65005;1;1;635;QUE;;BOULEV;DESLAURENTIDES;;2015;7;15;PDQ2;;;;;;;;;
Collisionavecblesse;15/07/2015;18/07/2015;15/07/2015;2015;7;CE29;37;LVL150715057;5;17:10:00;37;18/07/2015;65005;4;2;0;QUE;BOULEV;RUE;CUNARD;LECORBUSIER;2015;7;15;PDQ3;2006;;AUTO;QUE;;DESJARDINS;CHEV;;Moyen
Collisionavecblesse;15/07/2015;18/07/2015;15/07/2015;2015;7;DH41;33;LVL150715055;5;16:53:00;33;18/07/2015;65005;3;2;0;QUE;BOULEV;PROMEN;DESILES;SAMSON;2015;7;15;PDQ3;2010;;AUTO;QUE;;SSQASSURANCES;HOND;;Moyen
Collisionmateriellede2000et-;15/07/2015;19/07/2015;15/07/2015;2015;7;AB17;47;LVL150715060;5;17:10:00;47;19/07/2015;65005;4;2;0;QUE;RUE;BOULEV;SAINTE-ROSE;ODILE;2015;7;15;PDQ4;2015;;AUTO;QUE;;DESJARDINS;MAZD;;Moyen
DelitdefuiteCSR;15/07/2015;31/07/2015;01/07/2015;2015;7;CE30;28;LVL150715062;1;18:00:00;28;31/07/2015;65005;1;1;0;QUE;BOULEV;RUE;LAMER;DESLAURENTIDES;2015;7;15;PDQ2;;;;;;;;;
Collisionavecblesse;15/07/2015;18/07/2015;15/07/2015;2015;7;DH42;33;LVL150715055;5;16:53:00;33;18/07/2015;65005;3;2;0;QUE;BOULEV;PROMEN;DESILES;SAMSON;2015;7;15;PDQ3;2007;;AUTO;QUE;;;HOND;;Moyen
Collisionavecblesse;15/07/2015;31/07/2015;15/07/2015;2015;7;AB18;36;LVL150715034;5;11:35:00;36;31/07/2015;65005;2;2;1168;QUE;;BOULEV;CURE-LABELLE;;2015;7;15;PDQ3;2010;;AUTO;QUE;;lacapitale;toyo;;Moyen
Collisionmateriellede2000et-;15/07/2015;19/07/2015;15/07/2015;2015;7;CE31;47;LVL150715060;5;17:10:00;47;19/07/2015;65005;4;2;0;QUE;RUE;BOULEV;SAINTE-ROSE;ODILE;2015;7;15;PDQ4;2005;;AUTO;QUE;;;NISS;SENT;Moyen
DelitdefuiteCSR;14/07/2015;31/07/2015;12/07/2015;2015;7;DH43;31;LVL150714029;;16:00:00;31;31/07/2015;65005;1;1;169;QUE;;AVENUE;DUPACIFIQUE;;2015;7;14;PDQ2;;;;;;;;;
DelitdefuiteCSR;14/07/2015;31/07/2015;13/07/2015;2015;7;AB19;21;LVL150714081;4;18:00:00;21;31/07/2015;65005;1;1;279;QUE;;RUE;4E;;2015;7;14;PDQ2;;;;;;;;;
DelitdefuiteCSR;14/07/2015;31/07/2015;14/07/2015;2015;7;CE32;32;LVL150714037;;;32;31/07/2015;65005;1;1;3075;QUE;;BOULEV;CARTIEROUEST;;2015;7;14;PDQ3;;;;;;;;;
DelitdefuiteCSR;14/07/2015;31/07/2015;14/07/2015;2015;7;DH44;31;LVL150714039;;12:25:00;31;31/07/2015;65005;3;1;0;QUE;AVENUE;BOULEV;CARTIEROUEST;DUSSAULT;2015;7;14;PDQ2;;;;;;;;;
DelitdefuiteCSR;14/07/2015;31/07/2015;11/07/2015;2015;7;AB20;25;LVL150714054;4;;25;31/07/2015;65005;1;1;0;QUE;RUE;RUE;CHAMPLAIN;DAUVERGNE;2015;7;14;PDQ2;;;;;;;;;
Collisionmateriellede+de2000;14/07/2015;14/07/2015;06/07/2015;2015;7;CE66;38;LVL150714019;4;17:00:00;38;14/07/2015;65005;2;2;3035;QUE;;BOULEV;LECARREFOUR;;2015;7;14;PDQ3;2015;BLA;AUTO;QUE;;;HOND;CIVI;Petit
Collisionmateriellede+de2000;14/07/2015;14/07/2015;06/07/2015;2015;7;DH78;38;LVL150714019;4;17:00:00;38;14/07/2015;65005;2;2;3035;QUE;;BOULEV;LECARREFOUR;;2015;7;14;PDQ3;2008;GRI;AUTO;QUE;;;HOND;ACCO;Moyen
Collisionmateriellede+de2000;14/07/2015;16/07/2015;14/07/2015;2015;7;AB54;47;LVL150714023;;09:10:00;47;16/07/2015;65005;4;2;0;QUE;RUE;BOULEV;SAINTE-ROSE;ODILE;2015;7;14;PDQ4;2013;;AUTO;QUE;;;lexu;rx;Moyen
Collisionmateriellede+de2000;14/07/2015;16/07/2015;14/07/2015;2015;7;CE67;47;LVL150714023;;09:10:00;47;16/07/2015;65005;4;2;0;QUE;RUE;BOULEV;SAINTE-ROSE;ODILE;2015;7;14;PDQ4;2000;;CAMIO;QUE;;;gmc;sier;Moyen
Collisionavecblesse;14/07/2015;;14/07/2015;2015;7;DH79;51;LVL150714076;5;;51;15/07/2015;65005;2;1;0;QUE;BOULEV;BOULEV;SAINT-ELZEAROUEST;LECORBUSIER;2015;7;14;PDQ3;2015;;AUTO;QUE;;;TOYO;;Moyen
Collisionavecblesse;14/07/2015;15/07/2015;14/07/2015;2015;7;AB55;34;LVL150714053;1;14:49:00;34;15/07/2015;65005;4;2;1925;QUE;;BOULEV;SAINT-MARTINOUEST;;2015;7;14;PDQ2;2015;;AUTO;QUE;;INTACTASSURANCE;AUDI;;Moyen
Collisionavecblesse;14/07/2015;15/07/2015;14/07/2015;2015;7;CE68;34;LVL150714053;1;14:49:00;34;15/07/2015;65005;4;2;1925;QUE;;BOULEV;SAINT-MARTINOUEST;;2015;7;14;PDQ2;2006;;AUTO;QUE;;DESJARDINS;VOLK;;Moyen
Collisionavecblesse;13/07/2015;14/07/2015;13/07/2015;2015;7;DH80;48;LVL150713072;4;21:40:00;48;17/07/2015;65005;3;2;4800;QUE;;BOULEV;DAGENAISOUEST;;2015;7;13;PDQ4;2014;;MOTO;QUE;;;KAWA;;Moyen
Collisionavecblesse;13/07/2015;16/07/2015;13/07/2015;2015;7;AB56;48;LVL150713054;;17:00:00;48;16/07/2015;65005;3;2;7975;QUE;;BOULEV;ARTHUR-SAUVE;;2015;7;13;PDQ4;2005;;AUTO;QUE;;;suzu;;Moyen
DelitdefuiteCSR;13/07/2015;30/07/2015;13/07/2015;2015;7;DH70;26;LVL150713025;;11:25:00;26;30/07/2015;65005;1;1;3595;QUE;;BOULEV;DELACONCORDEEST;;2015;7;13;PDQ2;;;;;;;;;
DelitdefuiteCSR;13/07/2015;16/07/2015;13/07/2015;2015;7;AB46;24;LVL150713065;4;19:10:00;24;16/07/2015;65005;1;1;300;QUE;;BOULEV;DELACONCORDEEST;;2015;7;13;PDQ2;;;;;;;;;
Collisionavecblesse;13/07/2015;14/07/2015;13/07/2015;2015;7;CE59;35;LVL150713015;4;09:35:00;35;14/07/2015;65005;2;1;1550;QUE;;BOULEV;DANIEL-JOHNSON;;2015;7;13;PDQ3;2006;;AUTO;QUE;;;SUBA;;Moyen
Collisionavecblesse;13/07/2015;14/07/2015;13/07/2015;2015;7;DH71;48;LVL150713072;4;21:40:00;48;17/07/2015;65005;3;2;4800;QUE;;BOULEV;DAGENAISOUEST;;2015;7;13;PDQ4;2002;;AUTO;QUE;;LACAPITALE;MAZD;;Moyen
Incendiedevehiculeenmouvement;13/07/2015;14/07/2015;13/07/2015;2015;7;AB47;52;LVL150713051;5;17:00:00;52;22/07/2015;65005;2;1;2890;QUE;;BOULEV;DAGENAISOUEST;;2015;7;13;PDQ5;2000;BLA;CAMIO;QUE;;;FREI;MCV;Grand
DelitdefuiteCSR;13/07/2015;31/07/2015;12/07/2015;2015;7;CE27;55;LVL150713045;;13:00:00;55;31/07/2015;65005;1;1;4240;QUE;;BOULEV;LECORBUSIER;;2015;7;13;PDQ5;;;;;;;;;
Collisionmateriellede+de2000;13/07/2015;14/07/2015;13/07/2015;2015;7;DH39;33;LVL150713061;4;17:00:00;33;17/07/2015;65005;2;2;4750;QUE;;BOULEV;SAMSON;;2015;7;13;PDQ3;2005;;AUTO;QUE;;;TOYO;;Moyen
Collisionavecblesse;13/07/2015;16/07/2015;13/07/2015;2015;7;AB15;48;LVL150713054;;17:00:00;48;16/07/2015;65005;3;2;7975;QUE;;BOULEV;ARTHUR-SAUVE;;2015;7;13;PDQ4;2009;;AUTO;QUE;;;mits;;Moyen
Collisionavecblesse;13/07/2015;;13/07/2015;2015;7;CE28;52;LVL150713012;4;;52;22/07/2015;65005;2;2;2801;QUE;;BOULEV;SAINT-ELZEAROUEST;;2015;7;13;PDQ5;1999;;AUTO;QUE;;;HYUN;ACCE;Moyen
Collisionavecblesse;13/07/2015;;13/07/2015;2015;7;DH40;52;LVL150713012;4;;52;22/07/2015;65005;2;2;2801;QUE;;BOULEV;SAINT-ELZEAROUEST;;2015;7;13;PDQ5;2014;;CAMIO;QUE;;;DODG;RAM;Moyen
Collisionavecblesse;13/07/2015;14/07/2015;13/07/2015;2015;7;AB16;36;LVL150713029;4;13:00:00;36;17/07/2015;65005;3;2;0;QUE;RUE;RUE;MARQUIS;MERCANTILE;2015;7;13;PDQ3;2008;;AUTO;QUE;;;KIA;;Moyen
Collisionavecblesse;13/07/2015;14/07/2015;13/07/2015;2015;7;CE29;36;LVL150713029;4;13:00:00;36;17/07/2015;65005;3;2;0;QUE;RUE;RUE;MARQUIS;MERCANTILE;2015;7;13;PDQ3;2014;;AUTO;QUE;;INTACTASSURANCE;BMW;;Moyen
Collisionavecblesse;13/07/2015;14/07/2015;13/07/2015;2015;7;DH41;38;LVL150713052;5;15:53:00;38;14/07/2015;65005;4;2;0;QUE;AVENUE;BOULEV;LECARREFOUR;TERRY-FOX;2015;7;13;PDQ3;2000;;AUTO;QUE;;;VOLV;S80;Moyen
Collisionavecblesse;13/07/2015;14/07/2015;13/07/2015;2015;7;AB17;38;LVL150713052;5;15:53:00;38;14/07/2015;65005;4;2;0;QUE;AVENUE;BOULEV;LECARREFOUR;TERRY-FOX;2015;7;13;PDQ3;2014;GRI;AUTO;QUE;;;BMW;535I;Moyen
Collisionavecblesse;13/07/2015;14/07/2015;13/07/2015;2015;7;CE30;57;LVL150713060;4;18:45:00;57;17/07/2015;65005;2;2;0;QUE;RUE;BOULEV;CURE-LABELLE;CLOUTIER;2015;7;13;PDQ5;1997;NOI;AUTO;QUE;;;BMW;328I;Moyen
Collisionavecblesse;13/07/2015;14/07/2015;13/07/2015;2015;7;DH42;57;LVL150713060;4;18:45:00;57;17/07/2015;65005;2;2;0;QUE;RUE;BOULEV;CURE-LABELLE;CLOUTIER;2015;7;13;PDQ5;2006;GRI;AUTO;QUE;;;ACUR;TL;Moyen
Collisionavecblesse;13/07/2015;19/07/2015;13/07/2015;2015;7;AB18;34;LVL150713046;5;15:53:00;34;19/07/2015;65005;4;2;0;QUE;CHEMIN;BOULEV;CURE-LABELLE;DUSOUVENIR;2015;7;13;PDQ2;2004;GRI;AUTO;QUE;;;HOND;ACCO;Moyen
Collisionavecblesse;13/07/2015;19/07/2015;13/07/2015;2015;7;CE31;34;LVL150713046;5;15:53:00;34;19/07/2015;65005;4;2;0;QUE;CHEMIN;BOULEV;CURE-LABELLE;DUSOUVENIR;2015;7;13;PDQ2;2007;BGE;AUTO;QUE;;;MAZD;3;Petit
Collisionmateriellede+de2000;13/07/2015;14/07/2015;13/07/2015;2015;7;DH43;33;LVL150713061;4;17:00:00;33;17/07/2015;65005;2;2;4750;QUE;;BOULEV;SAMSON;;2015;7;13;PDQ3;2014;;AUTO;QUE;;AVIVA;TOYO;;Moyen
Collisionavecblesse;12/07/2015;;12/07/2015;2015;7;AB19;26;LVL150712015;1;05:54:00;26;13/07/2015;65005;1;1;3801;QUE;;BOULEV;LEVESQUEEST;;2015;7;12;PDQ2;2014;;AUTO;QUE;;INTACTASSURANCE;VOLK;JETT;Moyen
Collisionavecblesse;12/07/2015;;12/07/2015;2015;7;CE32;67;LVL150712051;4;19:40:00;67;13/07/2015;65005;3;2;6257;QUE;;BOULEV;DESLAURENTIDES;;2015;7;12;PDQ6;2009;;AUTO;QUE;;BANQUENATIONALE;HOND;ACCO;Moyen
Collisionavecblesse;12/07/2015;30/07/2015;12/07/2015;2015;7;DH44;22;LVL150712035;1;15:00:00;22;30/07/2015;65005;2;2;0;QUE;BOULEV;CHEMIN;DELABRETAGNE;DELACONCORDEEST;2015;7;12;PDQ2;;;AUTRE;QUE;;;garn;velo;Petit
Collisionavecblesse;12/07/2015;30/07/2015;12/07/2015;2015;7;AB20;22;LVL150712035;1;15:00:00;22;30/07/2015;65005;2;2;0;QUE;BOULEV;CHEMIN;DELABRETAGNE;DELACONCORDEEST;2015;7;12;PDQ2;2010;;AUTO;QUE;;;volk;;Moyen
Collisionmateriellede+de2000;12/07/2015;16/07/2015;12/07/2015;2015;7;CE66;53;LVL150712013;3;;53;16/07/2015;65005;3;1;3498;QUE;;BOULEV;DAGENAISOUEST;;2015;7;12;PDQ5;2015;;AUTO;QUE;;;DODG;;Moyen
DelitdefuiteCSR;12/07/2015;15/07/2015;12/07/2015;2015;7;CE77;32;LVL150712058;1;;32;15/07/2015;65005;1;1;456;QUE;;AVENUE;61E;;2015;7;12;PDQ3;;;;;;;;;
DelitdefuiteCSR;12/07/2015;31/07/2015;11/07/2015;2015;7;DH89;39;LVL150712032;1;20:00:00;39;31/07/2015;65005;1;1;2710;QUE;;RUE;JUSTINE-LACOSTE;;2015;7;12;PDQ3;;;;;;;;;
Collisionavecblesse;12/07/2015;;12/07/2015;2015;7;AB65;67;LVL150712051;4;19:40:00;67;13/07/2015;65005;3;2;6257;QUE;;BOULEV;DESLAURENTIDES;;2015;7;12;PDQ6;2003;;AUTO;QUE;;;HOND;CIVI;Moyen
Collisionavecblesse;11/07/2015;13/07/2015;11/07/2015;2015;7;CE78;27;LVL150711032;4;12:58:00;27;20/07/2015;65005;2;1;4425;QUE;;BOULEV;DELACONCORDEEST;;2015;7;11;PDQ1;2006;;AUTO;QUE;;INTACTASSURANCE;MERZ;B200;Moyen
Collisionavecblesse;11/07/2015;25/07/2015;11/07/2015;2015;7;DH90;57;LVL150711046;1;17:15:00;57;25/07/2015;65005;8;2;21;QUE;;BOULEV;CURE-LABELLE;;2015;7;11;PDQ5;2005;;AUTO;QUE;;;CHEV;MALI;Moyen
Collisionavecblesse;11/07/2015;25/07/2015;11/07/2015;2015;7;AB66;57;LVL150711046;1;17:15:00;57;25/07/2015;65005;8;2;21;QUE;;BOULEV;CURE-LABELLE;;2015;7;11;PDQ5;2014;;AUTO;QUE;;;JEEP;GRAN;Moyen
Collisionavecblesse;11/07/2015;13/07/2015;11/07/2015;2015;7;CE79;51;LVL150711028;4;12:10:00;51;13/07/2015;65005;4;3;1870;QUE;;RUE;MICHELIN;;2015;7;11;PDQ3;2000;;REMO;QUE;;;MANA;9425;Moyen
Collisionavecblesse;11/07/2015;13/07/2015;11/07/2015;2015;7;DH91;51;LVL150711028;4;12:10:00;51;13/07/2015;65005;4;3;1870;QUE;;RUE;MICHELIN;;2015;7;11;PDQ3;2011;;CAMIO;QUE;;;VOLV;VN;Moyen
Collisionavecblesse;11/07/2015;13/07/2015;11/07/2015;2015;7;AB67;51;LVL150711028;4;12:10:00;51;13/07/2015;65005;4;3;1870;QUE;;RUE;MICHELIN;;2015;7;11;PDQ3;2014;;AUTO;QUE;;LAPERSONNELLE;NISS;ROGU;Moyen
Collisionmateriellede+de2000;11/07/2015;16/07/2015;11/07/2015;2015;7;CE80;41;LVL150711035;2;13:40:00;41;16/07/2015;65005;3;2;700;QUE;;VOIE;CHOMEDEYA-13;;2015;7;11;PDQ4;2012;;AUTO;QUE;;BELAIRDIRECT;toyo;;Moyen
Collisionmateriellede+de2000;11/07/2015;16/07/2015;11/07/2015;2015;7;DH92;41;LVL150711035;2;13:40:00;41;16/07/2015;65005;3;2;700;QUE;;VOIE;CHOMEDEYA-13;;2015;7;11;PDQ4;2014;;CAMIO;QUE;;Intact;jeep;;Moyen
Collisionmateriellede+de2000;11/07/2015;16/07/2015;11/07/2015;2015;7;AB68;61;LVL150711023;1;09:50:00;61;16/07/2015;65005;2;2;1811;QUE;;BOULEV;DESLAURENTIDES;;2015;7;11;PDQ6;1997;;CAMIO;QUE;;ECONOMICAL;FORD;COF;Moyen
Collisionmateriellede+de2000;11/07/2015;16/07/2015;11/07/2015;2015;7;CE81;61;LVL150711023;1;09:50:00;61;16/07/2015;65005;2;2;1811;QUE;;BOULEV;DESLAURENTIDES;;2015;7;11;PDQ6;2007;;AUTO;QUE;;Intact;hond;civi;Moyen
Collisionavecblesse;10/07/2015;11/07/2015;10/07/2015;2015;7;DH93;66;LVL150710049;1;18:50:00;66;16/07/2015;65005;2;1;0;QUE;RANG;BOULEV;DESGRANDS-MAITRES;SAINT-ELZEAREST;2015;7;10;PDQ6;2014;;AUTO;QUE;;LACAPITALE;CHEV;CRUZ;Moyen
Collisionmateriellede+de2000;10/07/2015;13/07/2015;10/07/2015;2015;7;AB69;37;LVL150710018;3;12:10:00;37;13/07/2015;65005;3;2;1925;QUE;;BOULEV;INDUSTRIEL;;2015;7;10;PDQ3;2012;ARG;AUTO;QUE;;;NIDD;VERS;Moyen
DelitdefuiteCSR;10/07/2015;16/07/2015;09/07/2015;2015;7;CE82;55;LVL150710026;4;;55;16/07/2015;65005;1;1;2675;QUE;;BOULEV;DESOISEAUX;;2015;7;10;PDQ5;;;;;;;;;
DelitdefuiteCSR;10/07/2015;31/07/2015;10/07/2015;2015;7;DH94;67;LVL150710024;3;;67;31/07/2015;65005;1;1;5555;QUE;;BOULEV;DESLAURENTIDES;;2015;7;10;PDQ6;;;;;;;;;
Collisionavecblesse;10/07/2015;11/07/2015;10/07/2015;2015;7;AB70;45;LVL150710051;1;19:02:00;45;11/07/2015;65005;6;3;7890;QUE;;BOULEV;ARTHUR-SAUVE;;2015;7;10;PDQ4;2008;;AUTO;QUE;;DESJARDINS;HOND;;Grand
Collisionavecblesse;10/07/2015;11/07/2015;10/07/2015;2015;7;CE83;45;LVL150710051;1;19:02:00;45;11/07/2015;65005;6;3;7890;QUE;;BOULEV;ARTHUR-SAUVE;;2015;7;10;PDQ4;2010;;AUTO;QUE;;SSQASSURANCES;MAZD;;Moyen
Collisionavecblesse;10/07/2015;11/07/2015;10/07/2015;2015;7;DH95;45;LVL150710051;1;19:02:00;45;11/07/2015;65005;6;3;7890;QUE;;BOULEV;ARTHUR-SAUVE;;2015;7;10;PDQ4;2014;;AUTO;QUE;;INTACTASSURANCE;FORD;;Moyen
Collisionavecblesse;10/07/2015;13/07/2015;10/07/2015;2015;7;AB71;34;LVL150710022;5;13:13:00;34;13/07/2015;65005;2;2;0;QUE;BOULEV;BOULEV;DELAVENIR;DUSOUVENIR;2015;7;10;PDQ2;2015;ROU;AUTO;QUE;;;CHEV;TRAX;Petit
Collisionavecblesse;10/07/2015;13/07/2015;10/07/2015;2015;7;CE84;34;LVL150710016;5;11:23:00;34;13/07/2015;65005;5;1;0;QUE;RUE;BOULEV;SAINT-MARTINOUEST;MCNAMARA;2015;7;10;PDQ2;2012;BLU;CAMIO;QUE;CMNET;;FORD;F150;Moyen
Collisionavecblesse;10/07/2015;;10/07/2015;2015;7;DH96;34;LVL150710035;2;16:00:00;34;16/07/2015;65005;3;2;0;QUE;VIADUC;VOIE;DESLAURENTIDESA-15;SAINT-MARTINOUEST;2015;7;10;PDQ2;1998;;AUTO;QUE;;;FORD;ESCO;Moyen
Collisionavecblesse;10/07/2015;;10/07/2015;2015;7;AB72;34;LVL150710035;2;16:00:00;34;16/07/2015;65005;3;2;0;QUE;VIADUC;VOIE;DESLAURENTIDESA-15;SAINT-MARTINOUEST;2015;7;10;PDQ2;2013;;AUTO;QUE;;;AUDI;A4;Moyen
Collisionmateriellede+de2000;10/07/2015;13/07/2015;10/07/2015;2015;7;CE85;58;LVL150710034;2;15:15:00;58;13/07/2015;65005;5;3;0;QUE;AVENUE;VOIE;DESLAURENTIDESA-15;CURE-LABELLE;2015;7;10;PDQ5;2002;;MOTO;QUE;;LaCapitale;Harl;;Moyen
Collisionmateriellede+de2000;10/07/2015;13/07/2015;10/07/2015;2015;7;CE67;58;LVL150710034;2;15:15:00;58;13/07/2015;65005;5;3;0;QUE;AVENUE;VOIE;DESLAURENTIDESA-15;CURE-LABELLE;2015;7;10;PDQ5;2011;;AUTO;QUE;;Intactassurance;Dodg;;Moyen
Collisionmateriellede+de2000;10/07/2015;13/07/2015;10/07/2015;2015;7;DH79;58;LVL150710034;2;15:15:00;58;13/07/2015;65005;5;3;0;QUE;AVENUE;VOIE;DESLAURENTIDESA-15;CURE-LABELLE;2015;7;10;PDQ5;2012;;AUTO;QUE;;SecuriteNationaleMontreal;Hond;;Moyen
Collisionmateriellede+de2000;10/07/2015;11/07/2015;10/07/2015;2015;7;AB55;38;LVL150710058;1;21:20:00;38;11/07/2015;65005;2;2;3238;QUE;;VOIE;LAVALOUESTA-440;;2015;7;10;PDQ3;1999;;AUTO;QUE;;WAWANESSA;TOYO;;Moyen
Collisionmateriellede+de2000;10/07/2015;11/07/2015;10/07/2015;2015;7;CE68;38;LVL150710058;1;21:20:00;38;11/07/2015;65005;2;2;3238;QUE;;VOIE;LAVALOUESTA-440;;2015;7;10;PDQ3;2013;;AUTO;QUE;;SSQASSURANCES;VOLK;;Moyen
Collisionmateriellede+de2000;10/07/2015;13/07/2015;10/07/2015;2015;7;DH80;37;LVL150710018;3;12:10:00;37;13/07/2015;65005;3;2;1925;QUE;;BOULEV;INDUSTRIEL;;2015;7;10;PDQ3;2009;GRI;CAMIO;QUE;CMNET;;TOYO;HIGH;Moyen
Collisionavecblesse;10/07/2015;13/07/2015;10/07/2015;2015;7;AB56;34;LVL150710022;5;13:13:00;34;13/07/2015;65005;2;2;0;QUE;BOULEV;BOULEV;DELAVENIR;DUSOUVENIR;2015;7;10;PDQ2;2011;GRI;AUTO;QUE;;;HYUN;ELAN;Petit
DelitdefuiteCSR;09/07/2015;12/07/2015;09/07/2015;2015;7;DH70;22;LVL150709081;1;23:09:00;22;12/07/2015;65005;1;2;0;QUE;RUE;BOULEV;DELACONCORDEEST;SAINT-HUBERT;2015;7;9;PDQ2;;;;;;;;;
DelitdefuiteCSR;09/07/2015;28/07/2015;08/07/2015;2015;7;AB46;21;LVL150709018;4;19:00:00;21;28/07/2015;65005;1;1;130;QUE;;RUE;DONCK;;2015;7;9;PDQ2;;;;;;;;;
DelitdefuiteCSR;09/07/2015;16/07/2015;09/07/2015;2015;7;CE59;63;LVL150709050;;15:00:00;63;16/07/2015;65005;1;1;5205;QUE;;BOULEV;ROBERT-BOURASSA;;2015;7;9;PDQ6;;;;;;;;;
DelitdefuiteCSR;09/07/2015;17/07/2015;08/07/2015;2015;7;DH71;12;LVL150709024;;21:00:00;12;17/07/2015;65005;1;1;7380;QUE;;RUE;DESPIGEONS;;2015;7;9;PDQ1;;;;;;;;;
Collisionavecblesse;09/07/2015;11/07/2015;09/07/2015;2015;7;AB47;52;LVL150709002;2;00:40:00;52;11/07/2015;65005;2;1;0;QUE;BOULEV;BOULEV;CURE-LABELLE;SAINT-ELZEAROUEST;2015;7;9;PDQ5;2011;;CAMIO;QUE;;SSQASSURANCES;LAND;;Moyen
Collisionmateriellede2000et-;09/07/2015;17/07/2015;09/07/2015;2015;7;CE27;47;LVL150709053;;17:53:00;47;17/07/2015;65005;3;2;1098;QUE;;AVENUE;31E;;2015;7;9;PDQ4;2012;;AUTO;QUE;;;MAZD;3;Moyen
DelitdefuiteCSR;09/07/2015;18/07/2015;09/07/2015;2015;7;DH39;52;LVL150709001;2;23:42:00;52;18/07/2015;65005;2;1;0;QUE;BOULEV;BOULEV;CURE-LABELLE;CHOMEDEY;2015;7;9;PDQ5;;;;;;;;;
Collisionavecblesse;09/07/2015;10/07/2015;09/07/2015;2015;7;AB15;33;LVL150709025;5;;33;10/07/2015;65005;4;2;0;QUE;AVENUE;BOULEV;NOTRE-DAME;CLARENDON;2015;7;9;PDQ3;2005;;AUTO;QUE;;;NISS;;Moyen
Collisionavecblesse;09/07/2015;10/07/2015;09/07/2015;2015;7;CE28;33;LVL150709025;5;;33;10/07/2015;65005;4;2;0;QUE;AVENUE;BOULEV;NOTRE-DAME;CLARENDON;2015;7;9;PDQ3;2005;;LOURD;QUE;;;MACK;;Moyen
Collisionmateriellede2000et-;09/07/2015;17/07/2015;09/07/2015;2015;7;DH40;47;LVL150709053;;17:53:00;47;17/07/2015;65005;3;2;1098;QUE;;AVENUE;31E;;2015;7;9;PDQ4;2008;;AUTO;QUE;;;bmw;x;Moyen
DelitdefuiteCSR;08/07/2015;28/07/2015;08/07/2015;2015;7;AB16;34;LVL150708088;;;34;28/07/2015;65005;1;1;332;QUE;;RUE;VALLEE;;2015;7;8;PDQ2;;;;;;;;;
Collisionmateriellede+de2000;08/07/2015;;08/07/2015;2015;7;CE29;38;LVL150708041;4;13:05:00;38;27/07/2015;65005;2;2;2159;QUE;;BOULEV;CURE-LABELLE;;2015;7;8;PDQ3;2011;;AUTO;QUE;;;SUZU;;Moyen
Collisionmateriellede2000et-;08/07/2015;16/07/2015;08/07/2015;2015;7;DH41;61;LVL150708078;2;17:25:00;61;16/07/2015;65005;3;3;0;QUE;AUTORO;BOULEV;DESLAURENTIDES;LAVALOUESTA-440;2015;7;8;PDQ6;2003;;REMO;QUE;REMOR;DESJARDINS;ARTI;;Moyen
Collisionmateriellede2000et-;08/07/2015;16/07/2015;08/07/2015;2015;7;AB17;61;LVL150708078;2;17:25:00;61;16/07/2015;65005;3;3;0;QUE;AUTORO;BOULEV;DESLAURENTIDES;LAVALOUESTA-440;2015;7;8;PDQ6;2004;;AUTO;QUE;;DESJARDINS;ford;;Moyen
Collisionmateriellede2000et-;08/07/2015;16/07/2015;08/07/2015;2015;7;CE30;61;LVL150708078;2;17:25:00;61;16/07/2015;65005;3;3;0;QUE;AUTORO;BOULEV;DESLAURENTIDES;LAVALOUESTA-440;2015;7;8;PDQ6;2009;;AUTO;QUE;;aNORTHBRIDGE;hyun;;Moyen
Collisionmateriellede2000et-;08/07/2015;10/07/2015;08/07/2015;2015;7;DH42;53;LVL150708065;2;16:50:00;53;29/07/2015;65005;3;2;544;QUE;;RUE;JUSTIN;;2015;7;8;PDQ5;2005;;CAMIO;QUE;;AttestationVLA-001;Eone;;Grand
Collisionmateriellede2000et-;08/07/2015;10/07/2015;08/07/2015;2015;7;AB18;53;LVL150708065;2;16:50:00;53;29/07/2015;65005;3;2;544;QUE;;RUE;JUSTIN;;2015;7;8;PDQ5;2010;;AUTO;QUE;;;Suzu;;Moyen
Collisionavecblesse;08/07/2015;08/07/2015;08/07/2015;2015;7;CE31;12;LVL150708068;4;17:17:00;12;11/07/2015;65005;3;2;7780;QUE;;BOULEV;LEVESQUEEST;;2015;7;8;PDQ1;2009;GRI;AUTO;QUE;;;BMW;528X;Moyen
Collisionavecblesse;08/07/2015;08/07/2015;08/07/2015;2015;7;DH43;12;LVL150708068;4;17:17:00;12;11/07/2015;65005;3;2;7780;QUE;;BOULEV;LEVESQUEEST;;2015;7;8;PDQ1;2009;NOI;CAMIO;QUE;CMNET;;GMC;SIER;Moyen
Collisionavecblesse;08/07/2015;09/07/2015;08/07/2015;2015;7;AB19;57;LVL150708008;2;07:15:00;57;09/07/2015;65005;3;2;0;QUE;AVENUE;BOULEV;SAINTE-ROSE;DELARENAISSANCE;2015;7;8;PDQ5;2012;;CAMIO;QUE;CMNET;;FORD;TRAN;Moyen
Collisionavecblesse;08/07/2015;09/07/2015;08/07/2015;2015;7;CE32;57;LVL150708008;2;07:15:00;57;09/07/2015;65005;3;2;0;QUE;AVENUE;BOULEV;SAINTE-ROSE;DELARENAISSANCE;2015;7;8;PDQ5;2013;;AUTO;QUE;;;CHEV;TRAX;Moyen
Collisionavecblesse;08/07/2015;11/07/2015;08/07/2015;2015;7;DH44;61;LVL150708064;4;;61;11/07/2015;65005;6;3;1780;QUE;;RUE;JOSEPH-PREVOST;;2015;7;8;PDQ6;2004;;CAMIO;QUE;;INTACTASSURANCE;STER;STE;Moyen
Collisionavecblesse;08/07/2015;11/07/2015;08/07/2015;2015;7;AB20;61;LVL150708064;4;;61;11/07/2015;65005;6;3;1780;QUE;;RUE;JOSEPH-PREVOST;;2015;7;8;PDQ6;2006;BLU;AUTO;QUE;;INTACTASSURANCE;CHEV;UDLA;Moyen
Collisionmateriellede+de2000;08/07/2015;10/07/2015;08/07/2015;2015;7;CE66;55;LVL150708057;5;15:42:00;55;10/07/2015;65005;2;2;0;QUE;BOULEV;BOULEV;DAGENAISOUEST;DESROSSIGNOLS;2015;7;8;PDQ5;2004;;AUTO;QUE;;LUNIQUEASSURANCE;TOYO;CAMR;Moyen
Collisionmateriellede+de2000;08/07/2015;10/07/2015;08/07/2015;2015;7;CE77;55;LVL150708057;5;15:42:00;55;10/07/2015;65005;2;2;0;QUE;BOULEV;BOULEV;DAGENAISOUEST;DESROSSIGNOLS;2015;7;8;PDQ5;2012;;AUTO;QUE;;SSQASSURANCES;FORD;MUST;Moyen
Collisionmateriellede+de2000;08/07/2015;09/07/2015;08/07/2015;2015;7;DH89;48;LVL150708009;3;07:47:00;48;09/07/2015;65005;2;1;1500;QUE;;MONTEE;CHAMPAGNE;;2015;7;8;PDQ4;2003;;AUTO;QUE;;;FORD;;Moyen
Collisionmateriellede+de2000;08/07/2015;17/07/2015;08/07/2015;2015;7;AB65;41;LVL150708034;3;13:00:00;41;21/07/2015;65005;2;2;908;QUE;;AUTORO;CHOMEDEYA-13;;2015;7;8;PDQ4;2007;;AUTO;QUE;;;niss;;Moyen
Collisionmateriellede+de2000;08/07/2015;17/07/2015;08/07/2015;2015;7;CE78;41;LVL150708034;3;13:00:00;41;21/07/2015;65005;2;2;908;QUE;;AUTORO;CHOMEDEYA-13;;2015;7;8;PDQ4;2009;;AUTO;OH;;;ford;;Moyen
Collisionmateriellede+de2000;08/07/2015;;08/07/2015;2015;7;DH90;38;LVL150708041;4;13:05:00;38;27/07/2015;65005;2;2;2159;QUE;;BOULEV;CURE-LABELLE;;2015;7;8;PDQ3;2002;;AUTO;QUE;;;MAZD;B400;Moyen
Collisionmateriellede2000et-;08/07/2015;11/07/2015;08/07/2015;2015;7;AB66;32;LVL150708094;4;21:32:00;32;29/07/2015;65005;2;1;0;QUE;AVENUE;BOULEV;CURE-LABELLE;81E;2015;7;8;PDQ3;2013;;AUTO;QUE;;LUNIQUEASSURANCE;HYUN;;Moyen
DelitdefuiteCSR;07/07/2015;10/07/2015;06/07/2015;2015;7;CE79;58;LVL150707022;;17:00:00;58;10/07/2015;65005;1;1;0;QUE;BOULEV;BOULEV;GABRIEL;DAGENAISOUEST;2015;7;7;PDQ5;;;;;;;;;
Collisionavecblesse;07/07/2015;10/07/2015;07/07/2015;2015;7;DH91;38;LVL150707056;5;16:44:00;38;10/07/2015;65005;3;1;3065;QUE;;BOULEV;LECARREFOUR;;2015;7;7;PDQ3;2003;;AUTO;QUE;;PromutuelAss.;Ford;Wind;Moyen
DelitdefuiteCSR;07/07/2015;20/07/2015;06/07/2015;2015;7;AB67;32;LVL150707049;;;32;20/07/2015;65005;1;1;410;QUE;;AVENUE;62E;;2015;7;7;PDQ3;;;;;;;;;
DelitdefuiteCSR;07/07/2015;30/07/2015;06/07/2015;2015;7;CE80;23;LVL150707054;;17:00:00;23;30/07/2015;65005;1;1;545;QUE;;RUE;DEMEGEVE;;2015;7;7;PDQ2;;;;;;;;;
Collisionmateriellede+de2000;07/07/2015;10/07/2015;07/07/2015;2015;7;DH92;47;LVL150707035;3;;47;10/07/2015;65005;2;1;1014;QUE;;AVENUE;42E;;2015;7;7;PDQ4;2006;;AUTO;QUE;;;FORD;;Moyen
Collisionmateriellede2000et-;07/07/2015;10/07/2015;07/07/2015;2015;7;AB68;38;LVL150707071;5;18:00:00;38;10/07/2015;65005;3;2;0;QUE;BOULEV;AUTORO;DESLAURENTIDESA-15;LECORBUSIER;2015;7;7;PDQ3;2009;;AUTO;QUE;;Pafco;Mits;Gran;Moyen
Collisionmateriellede2000et-;07/07/2015;10/07/2015;07/07/2015;2015;7;CE81;38;LVL150707071;5;18:00:00;38;10/07/2015;65005;3;2;0;QUE;BOULEV;AUTORO;DESLAURENTIDESA-15;LECORBUSIER;2015;7;7;PDQ3;2013;;AUTO;QUE;;RSA;Hund;Elan;Moyen
Collisionmateriellede2000et-;07/07/2015;28/07/2015;06/07/2015;2015;7;DH93;25;LVL150707020;;;25;28/07/2015;65005;3;2;0;QUE;AVENUE;BOULEV;DEBLOIS;DEGRAND-MERE;2015;7;7;PDQ2;2011;;AUTRE;QUE;;NORTHBRIDGE;nova;;Grand
Collisionmateriellede2000et-;07/07/2015;28/07/2015;06/07/2015;2015;7;AB69;25;LVL150707020;;;25;28/07/2015;65005;3;2;0;QUE;AVENUE;BOULEV;DEBLOIS;DEGRAND-MERE;2015;7;7;PDQ2;2014;;AUTO;QUE;;Wawanesa;TOYO;;Moyen
Collisionmateriellede2000et-;07/07/2015;10/07/2015;07/07/2015;2015;7;CE82;24;LVL150707026;3;;24;10/07/2015;65005;4;2;270;QUE;;BOULEV;DELACONCORDEEST;;2015;7;7;PDQ2;2008;;AUTO;QUE;;;INFI;M35;Moyen
Collisionmateriellede2000et-;07/07/2015;10/07/2015;07/07/2015;2015;7;DH94;24;LVL150707026;3;;24;10/07/2015;65005;4;2;270;QUE;;BOULEV;DELACONCORDEEST;;2015;7;7;PDQ2;2014;;CAMIO;QUE;;;KIA;SOUL;Moyen
Collisionmateriellede+de2000;07/07/2015;09/07/2015;07/07/2015;2015;7;CE101;35;LVL150707068;3;19:19:00;35;09/07/2015;65005;2;1;0;QUE;BOULEV;AUTORO;DESLAURENTIDESA-15;DELACONCORDEOUEST;2015;7;7;PDQ3;2013;;AUTO;QUE;;Promutuel;Hund;;Moyen
Collisionmateriellede+de2000;07/07/2015;28/07/2015;07/07/2015;2015;7;DH113;37;LVL150707053;;;37;28/07/2015;65005;3;2;0;QUE;AUTORO;AUTORO;DESLAURENTIDESA-15;LAVALOUESTA-440;2015;7;7;PDQ3;2002;;AUTO;QUE;;Desjardins;acur;;Moyen
Collisionmateriellede+de2000;07/07/2015;28/07/2015;07/07/2015;2015;7;AB89;37;LVL150707053;;;37;28/07/2015;65005;3;2;0;QUE;AUTORO;AUTORO;DESLAURENTIDESA-15;LAVALOUESTA-440;2015;7;7;PDQ3;2009;;AUTO;QUE;;;cadi;;Moyen
Collisionavecblesse;07/07/2015;08/07/2015;07/07/2015;2015;7;CE102;51;LVL150707012;2;;51;08/07/2015;65005;3;1;0;QUE;BOULEV;BOULEV;LECORBUSIER;SAINT-ELZEAROUEST;2015;7;7;PDQ3;2007;;AUTO;QUE;;;TOYO;;Moyen
Collisionavecblesse;07/07/2015;11/07/2015;07/07/2015;2015;7;DH114;24;LVL150707016;3;08:50:00;24;11/07/2015;65005;4;2;0;QUE;RUE;RUE;NOTRE-DAME-DE-FATIMA;DEMETZ;2015;7;7;PDQ2;2005;;AUTO;QUE;;LAPERSONNELLE;FORD;;Moyen
Collisionavecblesse;07/07/2015;11/07/2015;07/07/2015;2015;7;AB90;24;LVL150707016;3;08:50:00;24;11/07/2015;65005;4;2;0;QUE;RUE;RUE;NOTRE-DAME-DE-FATIMA;DEMETZ;2015;7;7;PDQ2;2009;;AUTO;QUE;;DESJARDINS;PONT;;Moyen
Collisionavecblesse;07/07/2015;08/07/2015;07/07/2015;2015;7;CE103;57;LVL150707058;4;;57;10/07/2015;65005;2;2;1209;QUE;;BOULEV;CURE-LABELLE;;2015;7;7;PDQ5;2008;;AUTO;QUE;;;FORD;VAN;Moyen
Collisionavecblesse;07/07/2015;08/07/2015;07/07/2015;2015;7;DH115;57;LVL150707058;4;;57;10/07/2015;65005;2;2;1209;QUE;;BOULEV;CURE-LABELLE;;2015;7;7;PDQ5;2012;;AUTO;QUE;;;HYUN;ACCE;Moyen
Collisionavecblesse;07/07/2015;11/07/2015;07/07/2015;2015;7;AB91;42;LVL150707014;2;07:10:00;42;27/07/2015;65005;2;2;435;QUE;;RUE;PRINCIPALE;;2015;7;7;PDQ4;2007;;REMO;QUE;REMOR;AVIVA;BRIM;;Moyen
Collisionavecblesse;07/07/2015;11/07/2015;07/07/2015;2015;7;CE67;42;LVL150707014;2;07:10:00;42;27/07/2015;65005;2;2;435;QUE;;RUE;PRINCIPALE;;2015;7;7;PDQ4;;;CAMIO;QUE;;AVIVA;GMC;;Moyen
DelitdefuiteCSR;07/07/2015;28/07/2015;07/07/2015;2015;7;DH79;34;LVL150707050;;;34;28/07/2015;65005;1;1;0;QUE;BOULEV;AUTORO;15;SAINT-MARTINOUEST;2015;7;7;PDQ2;;;;;;;;;
DelitdefuiteCSR;06/07/2015;10/07/2015;06/07/2015;2015;7;AB55;38;LVL150706028;3;10:00:00;38;10/07/2015;65005;2;1;3065;QUE;;BOULEV;LECARREFOUR;;2015;7;6;PDQ3;;;;;;;;;
Collisionavecblesse;06/07/2015;29/07/2015;06/07/2015;2015;7;CE68;32;LVL150706022;;;32;29/07/2015;65005;2;2;0;QUE;BOULEV;PLACE;ALTON-GOLDBLOOM;NOTRE-DAME;2015;7;6;PDQ3;2012;;AUTO;QUE;;Desjardinsassurances;DODG;;Moyen
DelitdefuiteCSR;06/07/2015;29/07/2015;06/07/2015;2015;7;DH80;38;LVL150706048;5;10:15:00;38;29/07/2015;65005;1;1;3035;QUE;;BOULEV;LECARREFOUR;;2015;7;6;PDQ3;;;;;;;;;
DelitdefuiteCSR;06/07/2015;15/07/2015;03/07/2015;2015;7;AB56;38;LVL150706024;1;14:30:00;38;15/07/2015;65005;1;1;3035;QUE;;BOULEV;LECARREFOUR;;2015;7;6;PDQ3;;;;;;;;;
DelitdefuiteCSR;06/07/2015;24/07/2015;06/07/2015;2015;7;DH70;38;LVL150706040;;11:00:00;38;24/07/2015;65005;1;1;3035;QUE;;BOULEV;LECARREFOUR;;2015;7;6;PDQ3;;;;;;;;;
DelitdefuiteCSR;06/07/2015;24/07/2015;06/07/2015;2015;7;AB46;21;LVL150706019;;;21;24/07/2015;65005;1;1;490;QUE;;AVENUE;AMPERE;;2015;7;6;PDQ2;;;;;;;;;
DelitdefuiteCSR;06/07/2015;06/07/2015;06/07/2015;2015;7;CE59;12;LVL150706042;3;11:35:00;12;06/07/2015;65005;1;1;7768;QUE;;RUE;DESCHATAIGNIERS;;2015;7;6;PDQ1;;;;;;;;;
Collisionmateriellede+de2000;06/07/2015;07/07/2015;06/07/2015;2015;7;DH71;24;LVL150706003;2;00:45:00;24;08/07/2015;65005;5;1;166;QUE;;BOULEV;DELACONCORDEEST;;2015;7;6;PDQ2;2008;;AUTO;QUE;;;JEEP;;Moyen
Collisionmateriellede2000et-;06/07/2015;29/07/2015;06/07/2015;2015;7;AB47;39;LVL150706063;5;17:10:00;39;29/07/2015;65005;2;2;0;QUE;ROUTE;ROUTE;CHOMEDEYA-13;LAVALOUESTA-440;2015;7;6;PDQ3;2005;;AUTO;QUE;;;FORD;;Moyen
Collisionmateriellede+de2000;06/07/2015;29/07/2015;06/07/2015;2015;7;CE27;35;LVL150706057;;;35;29/07/2015;65005;2;2;0;QUE;RUE;BOULEV;NOTRE-DAME;HONORE-MERCIER;2015;7;6;PDQ3;2011;;AUTO;QUE;;Aviva;TOYO;CAMR;Moyen
Collisionmateriellede+de2000;06/07/2015;29/07/2015;06/07/2015;2015;7;DH39;35;LVL150706057;;;35;29/07/2015;65005;2;2;0;QUE;RUE;BOULEV;NOTRE-DAME;HONORE-MERCIER;2015;7;6;PDQ3;2011;;AUTO;QUE;;Wawanesa;bmw;x6;Moyen
Collisionmateriellede+de2000;06/07/2015;;06/07/2015;2015;7;AB15;27;LVL150706055;5;15:25:00;27;22/07/2015;65005;4;2;0;QUE;AVENUE;BOULEV;LEVESQUEEST;BELLEVUE;2015;7;6;PDQ1;2008;;AUTO;QUE;;;TOYO;YARI;Moyen
Collisionmateriellede+de2000;06/07/2015;;06/07/2015;2015;7;CE28;27;LVL150706055;5;15:25:00;27;22/07/2015;65005;4;2;0;QUE;AVENUE;BOULEV;LEVESQUEEST;BELLEVUE;2015;7;6;PDQ1;2015;;CAMIO;QUE;;;JEEP;CHER;Moyen
Collisionavecblesse;06/07/2015;21/07/2015;06/07/2015;2015;7;DH40;51;LVL150706080;5;20:50:00;51;21/07/2015;65005;4;2;0;QUE;RUE;RUE;MICHELIN;GUILLET;2015;7;6;PDQ3;2008;;AUTO;QUE;;IndustrielleAlliance;suba;;Moyen
Collisionavecblesse;06/07/2015;21/07/2015;06/07/2015;2015;7;AB16;51;LVL150706080;5;20:50:00;51;21/07/2015;65005;4;2;0;QUE;RUE;RUE;MICHELIN;GUILLET;2015;7;6;PDQ3;2009;;AUTO;QUE;;wawanessa;mazd;;Moyen
Collisionavecblesse;06/07/2015;29/07/2015;06/07/2015;2015;7;CE29;32;LVL150706022;;;32;29/07/2015;65005;2;2;0;QUE;BOULEV;PLACE;ALTON-GOLDBLOOM;NOTRE-DAME;2015;7;6;PDQ3;2008;;AUTO;QUE;;Desjardinsassurances;FORD;;Moyen
Collisionmateriellede+de2000;05/07/2015;24/07/2015;05/07/2015;2015;7;DH41;26;LVL150705026;;;26;24/07/2015;65005;2;2;750;QUE;;BOULEV;SAINT-SYLVAIN;;2015;7;5;PDQ2;2011;;AUTO;QUE;;RBCassurances;TOYO;;Moyen
Collisionmateriellede+de2000;05/07/2015;24/07/2015;05/07/2015;2015;7;AB17;26;LVL150705026;;;26;24/07/2015;65005;2;2;750;QUE;;BOULEV;SAINT-SYLVAIN;;2015;7;5;PDQ2;2013;;AUTO;QUE;;;chev;;Moyen
Collisionavecblesse;05/07/2015;15/07/2015;05/07/2015;2015;7;CE30;33;LVL150705036;3;15:44:00;33;15/07/2015;65005;4;2;0;QUE;RUE;BOULEV;SAMSON;CARLETON;2015;7;5;PDQ3;2009;;AUTO;QUE;;;HOND;;Moyen
Collisionmateriellede+de2000;05/07/2015;13/07/2015;05/07/2015;2015;7;DH42;56;LVL150705043;5;17:20:00;56;13/07/2015;65005;3;2;258;QUE;;BOULEV;strose;;2015;7;5;PDQ5;2007;;AUTO;QUE;;Intact;Mazd;3;Moyen
Collisionavecblesse;05/07/2015;15/07/2015;05/07/2015;2015;7;AB18;33;LVL150705036;3;15:44:00;33;15/07/2015;65005;4;2;0;QUE;RUE;BOULEV;SAMSON;CARLETON;2015;7;5;PDQ3;2005;;AUTO;QUE;;ALLSTATE;DODG;;Moyen
Collisionmateriellede+de2000;05/07/2015;13/07/2015;05/07/2015;2015;7;CE31;56;LVL150705043;5;17:20:00;56;13/07/2015;65005;3;2;258;QUE;;BOULEV;strose;;2015;7;5;PDQ5;2004;;AUTO;QUE;;Belair;Mazd;3;Moyen
DelitdefuiteCSR;04/07/2015;09/07/2015;03/07/2015;2015;7;DH43;41;LVL150704066;;22:00:00;41;09/07/2015;65005;1;1;752;QUE;;RUE;PIERRE;;2015;7;4;PDQ4;;;;;;;;;
DelitdefuiteCSR;04/07/2015;24/07/2015;02/07/2015;2015;7;AB19;41;LVL150704033;;19:15:00;41;24/07/2015;65005;1;1;700;QUE;;VOIE;CHOMEDEYA-13;;2015;7;4;PDQ4;;;;;;;;;
DelitdefuiteCSR;04/07/2015;06/07/2015;04/07/2015;2015;7;CE32;53;LVL150704046;2;10:30:00;53;06/07/2015;65005;2;1;3864;QUE;;RUE;JEREMIE;;2015;7;4;PDQ5;;;;;;;;;
DelitdefuiteCSR;04/07/2015;06/07/2015;04/07/2015;2015;7;DH44;58;LVL150704021;2;;58;06/07/2015;65005;1;1;3163;QUE;;BOULEV;DAGENAISOUEST;;2015;7;4;PDQ5;;;;;;;;;
Collisionmateriellede+de2000;04/07/2015;20/07/2015;04/07/2015;2015;7;AB20;38;LVL150704045;2;13:55:00;38;20/07/2015;65005;3;2;1935;QUE;;AVENUE;ALBERT-MURPHY;;2015;7;4;PDQ3;2010;;AUTO;QUE;;RSA;HYUN;ELAN;Moyen
Collisionmateriellede2000et-;04/07/2015;06/07/2015;04/07/2015;2015;7;CE66;24;LVL150704069;3;19:53:00;24;06/07/2015;65005;2;2;1055;QUE;;BOULEV;DESLAURENTIDES;;2015;7;4;PDQ2;2007;GRI;AUTO;QUE;;;PONT;WAVE;Petit
Collisionmateriellede2000et-;04/07/2015;06/07/2015;04/07/2015;2015;7;CE77;24;LVL150704069;3;19:53:00;24;06/07/2015;65005;2;2;1055;QUE;;BOULEV;DESLAURENTIDES;;2015;7;4;PDQ2;2011;BLA;CAMIO;QUE;CMNET;;MAZD;TRIB;Moyen
Collisionmateriellede+de2000;04/07/2015;05/07/2015;04/07/2015;2015;7;DH89;35;LVL150704043;2;13:33:00;35;05/07/2015;65005;4;2;0;QUE;RUE;BOULEV;NOTRE-DAME;VINCENT-MASSEY;2015;7;4;PDQ3;2001;;AUTO;QUE;;;MERC;;Moyen
Collisionmateriellede+de2000;04/07/2015;05/07/2015;04/07/2015;2015;7;AB65;35;LVL150704043;2;13:33:00;35;05/07/2015;65005;4;2;0;QUE;RUE;BOULEV;NOTRE-DAME;VINCENT-MASSEY;2015;7;4;PDQ3;2002;;AUTO;QUE;;;DODG;;Moyen
DelitdefuiteCSR;04/07/2015;06/07/2015;04/07/2015;2015;7;CE78;52;LVL150704038;2;10:45:00;52;06/07/2015;65005;1;1;0;QUE;AUTORO;BOULEV;CURE-LABELLE;LAVALESTA-440;2015;7;4;PDQ5;;;;;;;;;
DelitdefuiteCSR;04/07/2015;15/07/2015;03/07/2015;2015;7;DH90;65;LVL150704024;2;15:00:00;65;15/07/2015;65005;1;1;2267;QUE;;BOULEV;RENE-LAENNEC;;2015;7;4;PDQ6;;;;;;;;;
Collisionavecblesse;04/07/2015;08/07/2015;04/07/2015;2015;7;AB66;61;LVL150704058;5;17:00:00;61;08/07/2015;65005;3;2;0;QUE;RUE;BOULEV;DESLAURENTIDES;DEGENEVE;2015;7;4;PDQ6;2001;;AUTO;QUE;;;DODG;;Moyen
Collisionavecblesse;04/07/2015;08/07/2015;04/07/2015;2015;7;CE79;61;LVL150704058;5;17:00:00;61;08/07/2015;65005;3;2;0;QUE;RUE;BOULEV;DESLAURENTIDES;DEGENEVE;2015;7;4;PDQ6;2005;;AUTO;QUE;;;HOND;;Moyen
Collisionavecblesse;04/07/2015;05/07/2015;04/07/2015;2015;7;DH91;33;LVL150704016;2;;33;05/07/2015;65005;3;1;4344;QUE;;BOULEV;NOTRE-DAME;;2015;7;4;PDQ3;2013;;AUTO;QUE;;;TOYO;CORO;Moyen
Collisionmateriellede+de2000;04/07/2015;29/07/2015;04/07/2015;2015;7;AB67;36;LVL150704051;2;15:35:00;36;29/07/2015;65005;3;2;1117;QUE;;RUE;TOURIGNY;;2015;7;4;PDQ3;2013;;AUTO;QUE;;Allstate;HYUN;sant;Moyen
Collisionmateriellede+de2000;04/07/2015;29/07/2015;04/07/2015;2015;7;CE80;36;LVL150704051;2;15:35:00;36;29/07/2015;65005;3;2;1117;QUE;;RUE;TOURIGNY;;2015;7;4;PDQ3;2015;;AUTO;QUE;;;niss;micr;Moyen
Collisionmateriellede+de2000;04/07/2015;20/07/2015;04/07/2015;2015;7;DH92;38;LVL150704045;2;13:55:00;38;20/07/2015;65005;3;2;1935;QUE;;AVENUE;ALBERT-MURPHY;;2015;7;4;PDQ3;2009;;AUTO;QUE;;Intact;TOYO;CORO;Moyen
DelitdefuiteCSR;03/07/2015;10/07/2015;02/07/2015;2015;7;AB68;53;LVL150703057;4;23:00:00;53;10/07/2015;65005;1;1;3200;QUE;;RUE;ELIANE;;2015;7;3;PDQ5;;;;;;;;;
Collisionmateriellede+de2000;03/07/2015;29/07/2015;03/07/2015;2015;7;CE81;36;LVL150703089;;;36;29/07/2015;65005;3;2;4031;QUE;;RUE;MACKENZIE;;2015;7;3;PDQ3;2014;;AUTO;QUE;;INDUSTRIELLEALLIANCE;niss;;Moyen
Collisionmateriellede2000et-;03/07/2015;06/07/2015;03/07/2015;2015;7;DH93;57;LVL150703050;3;13:20:00;57;06/07/2015;65005;3;2;655;QUE;;BOULEV;CURE-LABELLE;;2015;7;3;PDQ5;2012;;CAMIO;QUE;TRACT;CieZirichass.;FREI;;Grand
Collisionmateriellede+de2000;03/07/2015;07/07/2015;03/07/2015;2015;7;AB69;37;LVL150703030;4;10:30:00;37;08/07/2015;65005;4;3;0;QUE;BOULEV;BOULEV;LECORBUSIER;SAINT-MARTINOUEST;2015;7;3;PDQ3;2009;;AUTO;QUE;;INTACT;mazd;;Moyen
Collisionmateriellede+de2000;03/07/2015;07/07/2015;03/07/2015;2015;7;CE82;37;LVL150703030;4;10:30:00;37;08/07/2015;65005;4;3;0;QUE;BOULEV;BOULEV;LECORBUSIER;SAINT-MARTINOUEST;2015;7;3;PDQ3;2011;;AUTRE;QUE;;NORTHBRIDGE;CANT;;Moyen
Collisionmateriellede+de2000;03/07/2015;07/07/2015;03/07/2015;2015;7;DH94;37;LVL150703030;4;10:30:00;37;08/07/2015;65005;4;3;0;QUE;BOULEV;BOULEV;LECORBUSIER;SAINT-MARTINOUEST;2015;7;3;PDQ3;2015;;CAMIO;QUE;;NORTHBRIDGE;FORD;;Grand
DelitdefuiteCSR;03/07/2015;10/07/2015;01/07/2015;2015;7;AB107;53;LVL150703054;3;12:00:00;53;10/07/2015;65005;1;1;0;QUE;RUE;RUE;EDITH;HUGUETTE;2015;7;3;PDQ5;;;;;;;;;
Collisionavecblesse;03/07/2015;;03/07/2015;2015;7;CE120;67;LVL150703087;1;20:17:00;67;14/07/2015;65005;6;2;370;QUE;;RUE;PAPILLON;;2015;7;3;PDQ6;2005;;AUTO;QUE;;desjardins;linc;l5;Moyen
Collisionavecblesse;03/07/2015;;03/07/2015;2015;7;DH132;67;LVL150703087;1;20:17:00;67;14/07/2015;65005;6;2;370;QUE;;RUE;PAPILLON;;2015;7;3;PDQ6;2007;;CAMIO;QUE;;SSQ;GMC;;Moyen
Collisionavecblesse;03/07/2015;24/07/2015;03/07/2015;2015;7;AB108;21;LVL150703067;;16:05:00;21;24/07/2015;65005;3;1;0;QUE;RUE;BOULEV;CARTIEROUEST;15E;2015;7;3;PDQ2;2014;;AUTO;QUE;;SSQ;DODG;;Moyen
Collisionavecblesse;03/07/2015;30/07/2015;03/07/2015;2015;7;CE121;25;LVL150703052;;;25;30/07/2015;65005;3;2;0;QUE;RUE;RUE;AURIOL;CHAMPFLEURY;2015;7;3;PDQ2;2015;;AUTO;QUE;;;volk;tigu;Moyen
Collisionavecblesse;03/07/2015;30/07/2015;03/07/2015;2015;7;DH133;25;LVL150703052;;;25;30/07/2015;65005;3;2;0;QUE;RUE;RUE;AURIOL;CHAMPFLEURY;2015;7;3;PDQ2;;;AUTRE;QUE;;;velo;;Petit
Collisionavecblesse;03/07/2015;24/07/2015;03/07/2015;2015;7;AB109;34;LVL150703072;;17:10:00;34;24/07/2015;65005;3;2;1605;QUE;;BOULEV;LECORBUSIER;;2015;7;3;PDQ2;2010;;AUTO;QUE;;INTACT;TOYO;;Moyen
Collisionavecblesse;03/07/2015;24/07/2015;03/07/2015;2015;7;CE122;34;LVL150703072;;17:10:00;34;24/07/2015;65005;3;2;1605;QUE;;BOULEV;LECORBUSIER;;2015;7;3;PDQ2;2014;;AUTO;QUE;;;niss;;Moyen
ollisionavecblesse;03/07/2015;03/07/2015;03/07/2015;2015;7;DH134;63;LVL150703049;4;13:24:00;63;03/07/2015;65005;3;2;0;QUE;BOULEV;VOIE;PAPINEAUA-19;DESGRANDS-MAITRES;2015;7;3;PDQ6;2004;;AUTO;QUE;;;NISS;;Moyen
Collisionavecblesse;03/07/2015;03/07/2015;03/07/2015;2015;7;AB110;63;LVL150703049;4;13:24:00;63;03/07/2015;65005;3;2;0;QUE;BOULEV;VOIE;PAPINEAUA-19;DESGRANDS-MAITRES;2015;7;3;PDQ6;2008;;AUTO;QUE;;;HOND;;Moyen
Collisionavecblesse;03/07/2015;04/07/2015;03/07/2015;2015;7;CE123;27;LVL150703002;2;;27;04/07/2015;65005;3;2;0;QUE;AVENUE;RUE;DELAFABRIQUE;SEIGNEUR-LUSSIER;2015;7;3;PDQ1;2008;;AUTO;QUE;;;BMW;;Moyen
Collisionavecblesse;03/07/2015;04/07/2015;03/07/2015;2015;7;DH135;27;LVL150703002;2;;27;04/07/2015;65005;3;2;0;QUE;AVENUE;RUE;DELAFABRIQUE;SEIGNEUR-LUSSIER;2015;7;3;PDQ1;2009;;AUTO;QUE;;;BUIC;;Moyen
Collisionavecblesse;03/07/2015;09/07/2015;03/07/2015;2015;7;AB111;44;LVL150703038;;;44;09/07/2015;65005;4;3;0;QUE;AVENUE;BOULEV;ARTHUR-SAUVE;DESBOIS;2015;7;3;PDQ4;2001;;AUTO;QUE;;;HOND;;Moyen
Collisionavecblesse;03/07/2015;09/07/2015;03/07/2015;2015;7;CE124;44;LVL150703038;;;44;09/07/2015;65005;4;3;0;QUE;AVENUE;BOULEV;ARTHUR-SAUVE;DESBOIS;2015;7;3;PDQ4;2005;;AUTO;QUE;;;HYUN;;Moyen
Collisionavecblesse;03/07/2015;09/07/2015;03/07/2015;2015;7;DH136;44;LVL150703038;;;44;09/07/2015;65005;4;3;0;QUE;AVENUE;BOULEV;ARTHUR-SAUVE;DESBOIS;2015;7;3;PDQ4;2010;;AUTO;QUE;;;ford;;Moyen
Collisionavecblesse;03/07/2015;10/07/2015;03/07/2015;2015;7;AB112;22;LVL150703077;5;17:52:00;22;10/07/2015;65005;2;1;0;QUE;RUE;RUE;TOURANGEAUEST;SAINT-ANDRE;2015;7;3;PDQ2;2004;;AUTO;QUE;;WAWANESSA;CHEV;;Moyen
Collisionavecblesse;03/07/2015;10/07/2015;03/07/2015;2015;7;CE125;63;LVL150703080;4;17:55:00;63;10/07/2015;65005;2;1;0;QUE;AUTORO;ROUTE;R-125;LAVALOUESTA-440;2015;7;3;PDQ6;2012;;AUTO;QUE;;PROMUTUEL;HOND;;Moyen
Collisionavecblesse;03/07/2015;10/07/2015;03/07/2015;2015;7;DH137;56;LVL150703068;4;16:20:00;56;14/07/2015;65005;3;1;0;QUE;RUE;BOULEV;SAINTE-ROSEEST;DEPATIE;2015;7;3;PDQ5;2004;;AUTO;QUE;;SSQASSURANCES;CHRY;PTCR;Moyen
Collisionmateriellede+de2000;03/07/2015;29/07/2015;03/07/2015;2015;7;AB113;36;LVL150703089;;;36;29/07/2015;65005;3;2;4031;QUE;;RUE;MACKENZIE;;2015;7;3;PDQ3;2007;;AUTO;QUE;;INTACT;HOND;;Moyen
Collisionmateriellede2000et-;03/07/2015;06/07/2015;03/07/2015;2015;7;CE67;57;LVL150703050;3;13:20:00;57;06/07/2015;65005;3;2;655;QUE;;BOULEV;CURE-LABELLE;;2015;7;3;PDQ5;2007;;REMO;QUE;REMOR;CieZirichass.;DMND;;Grand
elitdefuiteCSR;02/07/2015;07/07/2015;29/06/2015;2015;6;DH79;38;LVL150702032;;14:00:00;38;07/07/2015;65005;1;1;3025;QUE;;BOULEV;LECARREFOUR;;2015;7;2;PDQ3;;;;;;;;;
Collisionavecblesse;02/07/2015;;02/07/2015;2015;7;AB55;59;LVL150702074;4;19:25:00;59;19/07/2015;65005;2;1;0;QUE;MONTEE;RUE;MARIAN;MONTROUGEAU;2015;7;2;PDQ5;1995;;AUTO;QUE;;;TOYO;;Moyen
DelitdefuiteCSR;02/07/2015;06/07/2015;02/07/2015;2015;7;CE68;52;LVL150702016;3;04:45:00;52;06/07/2015;65005;1;1;3005;QUE;;RUE;GERARD-DENERVAL;;2015;7;2;PDQ5;;;;;;;;;
DelitdefuiteCSR;02/07/2015;06/07/2015;02/07/2015;2015;7;DH80;52;LVL150702061;;15:20:00;52;07/07/2015;65005;1;1;2995;QUE;;BOULEV;DAGENAISOUEST;;2015;7;2;PDQ5;;;;;;;;;
DelitdefuiteCSR;02/07/2015;30/07/2015;30/06/2015;2015;6;AB56;34;LVL150702014;4;17:00:00;34;30/07/2015;65005;2;2;627;QUE;;RUE;ROBERT-ELIE;;2015;7;2;PDQ2;;;;;;;;;
DelitdefuiteCSR;02/07/2015;31/07/2015;02/07/2015;2015;7;DH70;63;LVL150702075;3;18:15:00;63;31/07/2015;65005;1;1;5205;QUE;;BOULEV;ROBERT-BOURASSA;;2015;7;2;PDQ6;;;;;;;;;
Collisionmateriellede2000et-;02/07/2015;06/07/2015;17/06/2015;2015;6;AB46;32;LVL150702077;3;15:45:00;32;06/07/2015;65005;3;2;0;QUE;RUE;BOULEV;LECORBUSIER;CLAUDE-GAGNE;2015;7;2;PDQ3;2001;;AUTO;QUE;;;Chev;;Moyen
Collisionmateriellede+de2000;02/07/2015;09/07/2015;02/07/2015;2015;7;CE59;27;LVL150702052;3;13:50:00;27;09/07/2015;65005;5;1;915;QUE;;BOULEV;VANIER;;2015;7;2;PDQ1;2007;;AUTO;QUE;;Pafco;mazd;cx7;Moyen
Collisionmateriellede+de2000;02/07/2015;24/07/2015;02/07/2015;2015;7;DH71;22;LVL150702050;;14:00:00;22;24/07/2015;65005;2;2;90;QUE;;RUE;SAINT-EUSEBE;;2015;7;2;PDQ2;1969;;AUTRE;QUE;;ECONOMICALMUTUAL;BEDA;;Moyen
Collisionmateriellede+de2000;02/07/2015;24/07/2015;02/07/2015;2015;7;AB47;22;LVL150702050;;14:00:00;22;24/07/2015;65005;2;2;90;QUE;;RUE;SAINT-EUSEBE;;2015;7;2;PDQ2;1988;;CAMIO;QUE;;ECONOMICALMUTUAL;FREI;;Grand
Collisionmateriellede2000et-;02/07/2015;06/07/2015;17/06/2015;2015;6;CE27;32;LVL150702077;3;15:45:00;32;06/07/2015;65005;3;2;0;QUE;RUE;BOULEV;LECORBUSIER;CLAUDE-GAGNE;2015;7;2;PDQ3;2005;;AUTO;QUE;;ass.Desjardins;Hund;;Moyen
Collisionmateriellede+de2000;02/07/2015;10/07/2015;02/07/2015;2015;7;DH39;51;LVL150702063;1;16:30:00;51;10/07/2015;65005;4;2;1595;QUE;;AUTORO;LAVALOUESTA-440;;2015;7;2;PDQ3;2011;;AUTO;QUE;;Desjardins;Audi;;Moyen
Collisionmateriellede+de2000;02/07/2015;10/07/2015;02/07/2015;2015;7;AB15;51;LVL150702063;1;16:30:00;51;10/07/2015;65005;4;2;1595;QUE;;AUTORO;LAVALOUESTA-440;;2015;7;2;PDQ3;2014;;CAMIO;QUE;;;Pete;;Moyen
Collisionmateriellede+de2000;02/07/2015;13/07/2015;02/07/2015;2015;7;CE28;62;LVL150702030;4;11:00:00;62;13/07/2015;65005;2;2;0;QUE;BOULEV;BOULEV;SAINT-ELZEAREST;RENE-LAENNEC;2015;7;2;PDQ6;2008;;AUTO;QUE;;LaPersonelle;NISS;ROGU;Moyen
Collisionmateriellede+de2000;02/07/2015;13/07/2015;02/07/2015;2015;7;DH40;62;LVL150702030;4;11:00:00;62;13/07/2015;65005;2;2;0;QUE;BOULEV;BOULEV;SAINT-ELZEAREST;RENE-LAENNEC;2015;7;2;PDQ6;2010;;AUTO;QUE;;GEICO;MERC;ML35;Moyen
Collisionmateriellede+de2000;02/07/2015;24/07/2015;02/07/2015;2015;7;AB16;29;LVL150702067;;17:45:00;29;24/07/2015;65005;2;2;0;QUE;AUTORO;AUTORO;PAPINEAUA-19;LAVALESTA-440;2015;7;2;PDQ2;2010;;AUTO;QUE;;Desjardins;HYUN;;Moyen
Collisionmateriellede+de2000;02/07/2015;24/07/2015;02/07/2015;2015;7;CE29;29;LVL150702067;;17:45:00;29;24/07/2015;65005;2;2;0;QUE;AUTORO;AUTORO;PAPINEAUA-19;LAVALESTA-440;2015;7;2;PDQ2;2010;;AUTO;QUE;;INTACT;TOYO;;Moyen
Collisionmateriellede+de2000;02/07/2015;29/07/2015;02/07/2015;2015;7;DH41;33;LVL150702062;1;;33;29/07/2015;65005;2;2;0;QUE;BOULEV;AVENUE;DECHERBOURG;SAMSON;2015;7;2;PDQ3;2001;;AUTO;QUE;;Wawanesa;TOYO;;Moyen
Collisionmateriellede+de2000;02/07/2015;29/07/2015;02/07/2015;2015;7;AB17;33;LVL150702062;1;;33;29/07/2015;65005;2;2;0;QUE;BOULEV;AVENUE;DECHERBOURG;SAMSON;2015;7;2;PDQ3;2010;;AUTO;QUE;;Aviva;TOYO;;Moyen
DelitdefuiteCSR;02/07/2015;03/07/2015;02/07/2015;2015;7;CE30;31;LVL150702017;4;08:35:00;31;03/07/2015;65005;1;1;0;QUE;RUE;AVENUE;BRIEN;DARGENTEUIL;2015;7;2;PDQ2;;;;;;;;;
Collisionavecblesse;02/07/2015;08/07/2015;01/07/2015;2015;7;DH42;32;LVL150702041;;17:45:00;32;08/07/2015;65005;2;2;590;QUE;;BOULEV;CURE-LABELLE;;2015;7;2;PDQ3;2005;GRI;AUTO;QUE;4PORT;;toyo;;Petit
Collisionavecblesse;02/07/2015;08/07/2015;01/07/2015;2015;7;AB18;32;LVL150702041;;17:45:00;32;08/07/2015;65005;2;2;590;QUE;;BOULEV;CURE-LABELLE;;2015;7;2;PDQ3;2013;BLA;AUTO;QUE;4PORT;;volk;jett;Moyen
Collisionavecblesse;02/07/2015;14/07/2015;02/07/2015;2015;7;CE31;61;LVL150702064;3;16:20:00;61;14/07/2015;65005;7;2;1904;QUE;;BOULEV;DESLAURENTIDES;;2015;7;2;PDQ6;2007;;AUTO;QUE;;Intact;TOYO;;Moyen
ollisionavecblesse;02/07/2015;14/07/2015;02/07/2015;2015;7;DH43;61;LVL150702064;3;16:20:00;61;14/07/2015;65005;7;2;1904;QUE;;BOULEV;DESLAURENTIDES;;2015;7;2;PDQ6;2009;;AUTO;QUE;;personnelle;bmw;;Moyen
DelitdefuiteCSR;02/07/2015;09/07/2015;30/06/2015;2015;6;AB19;38;LVL150702065;;17:00:00;38;09/07/2015;65005;1;1;3035;QUE;;BOULEV;LECARREFOUR;;2015;7;2;PDQ3;;;;;;;;;
DelitdefuiteCSR;01/07/2015;09/07/2015;01/07/2015;2015;7;CE32;41;LVL150701065;3;00:00:00;41;09/07/2015;65005;1;1;491;QUE;;BOULEV;SAMSON;;2015;7;1;PDQ4;;;;;;;;;
DelitdefuiteCSR;01/07/2015;29/07/2015;01/07/2015;2015;7;DH44;36;LVL150701031;2;04:00:00;36;29/07/2015;65005;1;1;5384;QUE;;RUE;JACQUES-PLANTE;;2015;7;1;PDQ3;;;;;;;;;
DelitdefuiteCSR;01/07/2015;24/07/2015;01/07/2015;2015;7;AB20;34;LVL150701036;2;;34;24/07/2015;65005;1;1;1535;QUE;;BOULEV;LECORBUSIER;;2015;7;1;PDQ2;;;;;;;;;
DelitdefuiteCSR;01/07/2015;24/07/2015;01/07/2015;2015;7;CE66;52;LVL150701057;;;52;24/07/2015;65005;1;1;3020;QUE;;AVENUE;JACQUES-BUREAU;;2015;7;1;PDQ5;;;;;;;;;
DelitdefuiteCSR;01/07/2015;24/07/2015;01/07/2015;2015;7;CE77;34;LVL150701053;3;;34;24/07/2015;65005;2;1;603;QUE;;RUE;ROBERT-ELIE;;2015;7;1;PDQ2;;;;;;;;;
Collisionmateriellede+de2000;01/07/2015;24/07/2015;01/07/2015;2015;7;DH89;34;LVL150701037;4;13:45:00;34;24/07/2015;65005;3;2;1925;QUE;;RUE;EMILE-MARTINEAU;;2015;7;1;PDQ2;2007;GRI;AUTO;QUE;4PORT;intact;HOND;CIVI;Moyen
Collisionavecblesse;01/07/2015;09/07/2015;01/07/2015;2015;7;AB65;45;LVL150701055;3;16:43:00;45;09/07/2015;65005;4;2;0;QUE;RUE;BOULEV;ARTHUR-SAUVE;12E;2015;7;1;PDQ4;2011;;AUTO;QUE;;;hyun;;Moyen
Collisionmateriellede+de2000;01/07/2015;24/07/2015;01/07/2015;2015;7;CE78;24;LVL150701012;4;07:35:00;24;24/07/2015;65005;3;3;0;QUE;RUE;RUE;FISET;DARGENSON;2015;7;1;PDQ2;1989;ROU;REMO;QUE;REMOR;royalandsun;tusc;thg6;Grand
Collisionmateriellede+de2000;01/07/2015;24/07/2015;01/07/2015;2015;7;DH90;24;LVL150701012;4;07:35:00;24;24/07/2015;65005;3;3;0;QUE;RUE;RUE;FISET;DARGENSON;2015;7;1;PDQ2;2000;BLF;CAMIO;QUE;TRACT;royalandsun;west;cnv;Grand
Collisionmateriellede+de2000;01/07/2015;24/07/2015;01/07/2015;2015;7;AB66;24;LVL150701012;4;07:35:00;24;24/07/2015;65005;3;3;0;QUE;RUE;RUE;FISET;DARGENSON;2015;7;1;PDQ2;2005;BGE;AUTO;QUE;4PORT;;TOYO;coro;Moyen
Collisionmateriellede+de2000;01/07/2015;29/07/2015;01/07/2015;2015;7;CE79;35;LVL150701039;2;14:10:00;35;29/07/2015;65005;2;2;0;QUE;BOULEV;BOULEV;DANIEL-JOHNSON;SAINT-MARTINOUEST;2015;7;1;PDQ3;2010;;AUTO;QUE;;BELAIRDIRECT;DODG;JOUR;Moyen
Collisionmateriellede+de2000;01/07/2015;29/07/2015;01/07/2015;2015;7;DH91;35;LVL150701039;2;14:10:00;35;29/07/2015;65005;2;2;0;QUE;BOULEV;BOULEV;DANIEL-JOHNSON;SAINT-MARTINOUEST;2015;7;1;PDQ3;2014;;AUTO;QUE;;Promutuel;mazd;6;Moyen
Collisionavecblesse;01/07/2015;09/07/2015;01/07/2015;2015;7;AB67;45;LVL150701055;3;16:43:00;45;09/07/2015;65005;4;2;0;QUE;RUE;BOULEV;ARTHUR-SAUVE;12E;2015;7;1;PDQ4;2007;;AUTO;QUE;;;toyo;;Moyen
Collisionmateriellede+de2000;01/07/2015;24/07/2015;01/07/2015;2015;7;CE80;34;LVL150701037;4;13:45:00;34;24/07/2015;65005;3;2;1925;QUE;;RUE;EMILE-MARTINEAU;;2015;7;1;PDQ2;2008;BLA;CAMIO;QUE;CAMP;AVIVA;DODG;SPRI;Moyen
Collisionavecblesse;30/06/2015;03/07/2015;30/06/2015;2015;6;DH92;51;LVL150630053;2;;51;03/07/2015;65005;2;1;1400;QUE;;BOULEV;DAGENAISOUEST;;2015;6;30;PDQ3;2004;;MOTO;QUE;;;HARL;XL12;Moyen
DelitdefuiteCSR;30/06/2015;03/07/2015;30/06/2015;2015;6;AB68;38;LVL150630089;3;21:10:00;38;03/07/2015;65005;1;1;3035;QUE;;BOULEV;LECARREFOUR;;2015;6;30;PDQ3;;;;;;;;;
Collisionavecblesse;30/06/2015;02/07/2015;30/06/2015;2015;6;CE81;22;LVL150630059;3;15:44:00;22;06/07/2015;65005;5;2;473;QUE;;RUE;DEBERRI;;2015;6;30;PDQ2;2006;;AUTO;QUE;;;TOYO;;Moyen
